record_id,subject_id,session_id,timestamp_ms,delta_band_power,theta_band_power,alpha_band_power,beta_band_power,gamma_band_power,signal_noise_ratio,eye_blink_artifact,mental_task_type,focus_level_score,cognitive_state
1,39,7,274864,0.68,5.517,0.8,7.176,0.898,23.21,No,Visual Stimulus,98.03,Distracted
2,29,7,319752,4.929,5.41,2.006,7.585,2.512,23.51,No,Resting,55.46,Distracted
3,15,4,107449,2.226,4.096,1.895,2.908,0.605,32.9,Yes,Cognitive Load,93.82,Relaxed
4,43,3,102828,1.185,4.197,2.411,8.819,0.108,38.89,No,Visual Stimulus,81.34,Distracted
5,8,8,126613,3.5,0.529,2.787,4.868,3.733,6.94,No,Cognitive Load,66.6,Relaxed
6,21,5,72095,1.779,5.917,3.2,2.497,2.264,25.71,No,Motor Imagery,34.94,Distracted
7,39,10,477910,3.136,5.328,3.654,8.721,3.715,28.84,No,Motor Imagery,30.43,Distracted
8,19,7,87593,3.14,5.423,1.241,4.469,1.402,39.5,No,Cognitive Load,64.34,Relaxed
9,23,4,339386,2.506,4.126,0.818,7.628,1.378,37.99,No,Visual Stimulus,43.26,Fatigued
10,11,4,126202,4.263,2.396,5.555,5.706,1.663,29.94,No,Visual Stimulus,79.88,Focused
11,11,8,77606,1.692,5.415,4.53,4.128,2.854,23.26,No,Motor Imagery,76.05,Distracted
12,24,8,123769,2.519,2.103,3.831,8.194,2.307,10.65,No,Visual Stimulus,31.21,Fatigued
13,36,2,118542,2.92,3.595,5.258,6.052,3.709,18.45,No,Visual Stimulus,70.27,Relaxed
14,40,2,368582,3.486,1.049,6.708,4.21,0.199,25.48,No,Motor Imagery,49.46,Distracted
15,24,3,575610,4.028,5.571,3.708,1.541,2.862,30.38,No,Resting,32.33,Relaxed
16,3,3,157550,2.277,1.274,5.308,9.007,1.388,27.24,No,Motor Imagery,41.3,Relaxed
17,22,1,595330,3.407,1.737,7.652,0.837,0.803,29.99,No,Cognitive Load,89.54,Relaxed
18,2,3,570706,1.178,3.57,6.797,8.7,2.091,20.02,Yes,Resting,35.95,Fatigued
19,24,6,455433,4.697,4.703,3.695,3.92,2.07,30.47,Yes,Cognitive Load,28.74,Relaxed
20,44,8,90140,2.224,3.906,5.335,6.574,0.634,10.03,Yes,Resting,35.18,Focused
21,30,10,466978,3.783,1.777,1.828,9.261,0.887,10.69,Yes,Resting,21.46,Distracted
22,38,6,536069,0.592,0.505,4.704,1.941,1.692,10.7,No,Motor Imagery,54.46,Distracted
23,2,5,398731,1.423,4.664,7.86,5.886,1.694,36.18,No,Motor Imagery,14.74,Focused
24,21,4,379502,2.692,5.919,4.387,7.762,1.338,7.66,No,Cognitive Load,81.74,Distracted
25,33,3,298277,4.452,4.955,7.457,7.697,0.679,33.05,No,Motor Imagery,22.56,Focused
26,12,4,97628,2.873,3.031,3.555,5.494,0.117,13.17,No,Resting,59.81,Fatigued
27,22,7,85058,4.684,5.471,7.991,6.435,3.884,21.4,No,Motor Imagery,12.5,Relaxed
28,44,1,481799,2.677,2.754,4.844,7.697,3.78,37.06,No,Cognitive Load,97.85,Fatigued
29,25,7,151542,2.707,3.387,0.817,8.49,1.986,25.51,No,Resting,45.46,Focused
30,49,1,305273,1.039,3.124,4.901,7.737,3.981,12.35,Yes,Cognitive Load,82.22,Relaxed
31,27,2,270675,4.112,2.962,2.559,3.863,2.727,14.94,No,Visual Stimulus,76.86,Fatigued
32,42,4,299182,1.611,4.764,0.744,9.969,0.369,37.22,No,Motor Imagery,71.37,Relaxed
33,28,1,350083,4.548,3.397,6.656,4.628,0.559,19.95,No,Resting,82.74,Relaxed
34,16,9,42674,4.599,2.242,2.568,0.732,3.673,25.54,Yes,Cognitive Load,10.05,Fatigued
35,15,6,127572,4.745,1.92,6.474,3.945,2.557,21.1,Yes,Motor Imagery,67.85,Distracted
36,47,1,475692,2.841,0.708,2.662,1.714,3.388,18.25,No,Motor Imagery,26.58,Focused
37,44,1,291975,3.547,3.708,1.957,1.654,3.603,12.81,No,Cognitive Load,78.59,Fatigued
38,3,6,581462,4.003,1.765,7.805,3.175,1.847,29.02,No,Resting,95.69,Fatigued
39,37,4,431436,1.09,1.315,3.212,1.007,0.289,30.14,No,Cognitive Load,90.15,Distracted
40,7,4,445935,3.204,4.096,5.01,7.041,0.834,14.62,No,Motor Imagery,11.5,Focused
41,21,6,53051,0.654,4.247,5.075,1.203,0.36,32.62,No,Cognitive Load,36.96,Fatigued
42,9,7,203085,2.739,4.637,4.704,2.431,0.836,34.91,No,Visual Stimulus,36.43,Relaxed
43,39,9,318796,1.197,3.27,7.36,1.383,1.701,37.22,No,Motor Imagery,12.23,Focused
44,18,10,65524,1.323,5.417,5.558,1.1,0.561,10.64,No,Resting,9.81,Distracted
45,4,5,476152,2.143,5.65,3.528,3.044,0.75,15.64,No,Visual Stimulus,38.49,Fatigued
46,25,9,268614,2.446,4.941,6.968,5.933,1.839,35.11,Yes,Cognitive Load,99.21,Relaxed
47,14,4,460814,3.304,3.996,1.858,9.665,1.427,11.95,No,Resting,56.89,Focused
48,50,10,517733,0.835,2.17,4.582,8.818,1.924,5.12,No,Visual Stimulus,62.18,Fatigued
49,9,2,315617,2.767,5.906,7.629,8.821,1.774,35.48,No,Cognitive Load,47.1,Focused
50,26,3,44439,1.322,2.008,5.19,2.173,2.613,16.43,No,Visual Stimulus,66.23,Relaxed
51,2,1,276452,3.083,1.615,6.627,3.017,3.755,19.51,No,Motor Imagery,95.67,Relaxed
52,20,6,91563,3.368,2.932,5.402,1.226,0.521,20.62,No,Resting,58.87,Focused
53,28,6,297225,3.005,0.813,6.795,7.895,0.487,34.69,No,Visual Stimulus,6.5,Relaxed
54,47,1,443599,3.822,5.882,7.584,1.163,3.426,16.83,No,Motor Imagery,49.29,Relaxed
55,7,3,534125,2.01,3.736,2.547,5.789,2.075,36.23,No,Cognitive Load,99.28,Focused
56,44,5,167896,3.943,3.563,1.772,2.855,3.089,26.59,No,Motor Imagery,38.74,Focused
57,8,3,419515,2.447,4.107,4.13,2.813,0.94,23.46,No,Cognitive Load,59.39,Distracted
58,47,10,30063,2.679,3.234,5.764,9.912,3.333,16.4,No,Resting,10.66,Fatigued
59,35,3,593741,3.416,0.676,2.204,7.689,3.703,13.53,No,Motor Imagery,14.12,Distracted
60,14,10,254371,0.583,3.868,0.531,8.451,2.578,26.84,No,Motor Imagery,87.47,Distracted
61,17,3,102166,3.443,4.439,3.072,5.934,0.513,20.64,No,Cognitive Load,30.03,Distracted
62,36,5,14506,3.284,2.792,7.766,8.775,3.592,36.87,No,Visual Stimulus,30.55,Distracted
63,50,5,225413,1.894,4.665,5.712,6.632,3.191,22.21,No,Cognitive Load,38.72,Fatigued
64,40,4,113604,0.886,1.749,3.51,9.489,3.028,22.91,No,Visual Stimulus,96.65,Focused
65,4,1,26026,0.909,1.717,1.944,3.173,0.243,19.59,No,Cognitive Load,8.44,Relaxed
66,2,5,420888,4.655,1.388,3.171,6.156,3.216,32.62,No,Resting,81.88,Relaxed
67,6,10,314557,3.602,2.546,1.774,7.056,0.638,19.87,No,Visual Stimulus,34.16,Focused
68,42,5,255116,1.072,5.159,1.297,4.233,0.967,14.43,No,Motor Imagery,84.95,Focused
69,4,4,327210,2.105,5.054,7.301,8.857,2.351,35.17,No,Visual Stimulus,99.18,Focused
70,29,6,190285,3.166,2.606,7.982,9.808,1.133,25.89,No,Cognitive Load,34.87,Relaxed
71,18,10,50971,4.26,3.74,1.731,5.191,2.679,25.7,No,Cognitive Load,12.94,Distracted
72,26,4,420497,0.696,4.464,0.909,4.211,2.471,26.38,No,Visual Stimulus,14.44,Distracted
73,44,7,113978,1.565,1.827,2.973,4.983,0.522,30.16,No,Motor Imagery,75.87,Distracted
74,34,7,159163,4.504,1.425,3.962,8.601,2.658,15.96,No,Resting,14.49,Fatigued
75,10,2,103864,0.541,5.847,2.036,6.632,3.703,6.18,Yes,Motor Imagery,26.04,Distracted
76,36,3,394295,1.406,3.897,2.761,0.925,0.728,33.37,No,Visual Stimulus,20.44,Fatigued
77,14,1,439967,4.816,5.898,2.007,5.651,2.429,9.51,No,Cognitive Load,35.57,Relaxed
78,31,8,448648,3.26,2.358,6.307,0.664,1.433,30.26,Yes,Motor Imagery,7.44,Fatigued
79,48,9,340435,1.678,4.367,5.844,7.896,1.892,7.88,No,Cognitive Load,85.67,Focused
80,15,4,125659,0.801,1.724,5.262,3.619,1.219,18.14,No,Cognitive Load,86.01,Focused
81,8,6,7235,0.627,1.937,3.404,4.984,1.481,7.21,Yes,Motor Imagery,41.29,Relaxed
82,14,9,344877,1.601,3.315,7.318,8.087,0.213,23.28,No,Visual Stimulus,61.21,Distracted
83,23,6,62712,4.467,2.258,7.771,0.941,3.928,27.86,No,Motor Imagery,64.2,Relaxed
84,40,9,152545,2.372,1.422,1.802,2.006,2.537,11.0,Yes,Resting,74.93,Focused
85,21,4,125849,3.742,1.946,2.173,4.281,2.053,18.01,No,Cognitive Load,52.07,Distracted
86,16,8,255493,4.632,0.697,4.442,2.684,1.596,37.56,No,Cognitive Load,51.03,Focused
87,45,9,104215,2.336,4.374,1.184,3.71,2.204,20.48,No,Visual Stimulus,63.13,Relaxed
88,18,4,32230,1.361,3.207,3.773,9.983,1.582,33.09,No,Cognitive Load,70.3,Distracted
89,47,5,346717,2.827,1.018,4.863,8.341,1.504,37.45,Yes,Cognitive Load,34.67,Relaxed
90,24,8,462092,4.586,1.444,4.416,8.897,1.909,39.1,No,Cognitive Load,33.04,Focused
91,26,10,302788,4.12,1.064,2.982,9.402,1.176,36.44,Yes,Motor Imagery,26.97,Distracted
92,25,6,179736,0.796,3.869,4.568,3.739,0.802,16.11,No,Cognitive Load,54.88,Focused
93,45,7,328821,3.617,1.018,7.691,3.322,2.271,38.69,No,Motor Imagery,36.02,Distracted
94,41,3,418641,3.074,4.649,2.045,2.724,3.387,33.43,No,Visual Stimulus,54.03,Fatigued
95,29,7,84817,4.584,0.613,5.411,8.386,0.696,34.3,No,Resting,40.6,Fatigued
96,15,8,238657,1.051,1.872,0.825,6.956,0.228,5.53,No,Cognitive Load,83.67,Focused
97,45,10,217033,2.903,5.399,0.998,2.744,1.063,38.4,No,Resting,7.31,Relaxed
98,1,6,231414,4.458,4.452,4.639,4.081,3.921,32.23,No,Motor Imagery,57.22,Fatigued
99,25,10,256812,2.345,0.901,1.287,5.314,3.332,31.88,No,Visual Stimulus,57.56,Fatigued
100,7,9,304958,2.669,5.016,0.668,5.517,2.424,7.85,No,Visual Stimulus,38.37,Distracted
101,9,6,594507,0.817,3.212,1.786,8.943,3.724,13.14,No,Motor Imagery,42.1,Distracted
102,24,9,170956,1.752,5.157,4.736,4.115,1.837,38.68,No,Resting,80.01,Distracted
103,1,4,357489,1.96,3.804,5.775,9.131,3.935,22.52,No,Cognitive Load,28.07,Focused
104,44,8,257134,4.753,4.25,2.019,4.693,1.256,18.93,Yes,Motor Imagery,87.14,Relaxed
105,8,4,362232,1.772,5.964,5.512,7.591,1.037,34.4,No,Motor Imagery,89.63,Relaxed
106,24,2,21650,2.574,1.778,1.869,9.337,2.588,8.06,No,Motor Imagery,65.06,Distracted
107,11,10,356386,3.521,3.932,5.101,9.122,1.575,19.59,No,Motor Imagery,77.29,Focused
108,17,9,170521,1.23,3.032,3.59,1.041,2.543,18.15,No,Motor Imagery,61.29,Distracted
109,8,5,170733,2.689,0.717,5.403,2.454,1.289,17.24,Yes,Visual Stimulus,52.53,Relaxed
110,35,4,242037,3.823,0.58,7.963,5.031,2.51,15.77,Yes,Motor Imagery,96.67,Focused
111,35,2,80428,4.401,1.156,7.534,4.6,1.175,12.35,No,Visual Stimulus,28.27,Distracted
112,33,1,206251,3.318,4.07,0.532,6.588,0.299,11.05,No,Resting,15.42,Distracted
113,5,7,534231,3.511,3.619,7.141,9.475,3.657,27.41,No,Cognitive Load,28.75,Relaxed
114,42,6,438976,1.068,3.544,0.999,1.568,3.545,37.18,No,Visual Stimulus,61.46,Focused
115,39,2,21042,4.756,0.675,7.648,4.793,3.886,22.81,Yes,Cognitive Load,18.52,Relaxed
116,41,8,318903,1.097,3.081,2.614,2.328,2.894,15.43,No,Cognitive Load,90.88,Focused
117,28,4,368117,3.986,5.585,3.365,8.994,2.763,10.57,No,Cognitive Load,41.1,Focused
118,7,8,382811,1.692,2.687,1.187,9.664,2.28,34.06,No,Visual Stimulus,85.0,Distracted
119,9,7,501691,4.701,3.937,1.342,5.048,0.591,39.0,Yes,Visual Stimulus,24.92,Relaxed
120,8,5,214304,3.74,4.789,5.951,1.488,0.838,17.22,Yes,Visual Stimulus,31.32,Focused
121,12,10,396178,3.892,4.812,7.582,7.96,1.229,15.18,No,Resting,5.92,Fatigued
122,34,10,438963,1.486,3.356,5.081,7.123,3.572,26.05,No,Visual Stimulus,25.78,Distracted
123,33,8,314493,2.494,5.219,5.869,3.869,0.775,32.14,Yes,Resting,49.03,Relaxed
124,48,9,201904,3.28,2.653,6.215,8.93,3.699,20.94,Yes,Visual Stimulus,94.61,Focused
125,23,5,5730,3.965,5.388,2.471,9.77,2.139,27.05,No,Visual Stimulus,38.89,Distracted
126,24,10,407137,0.968,1.821,0.839,5.8,2.891,30.08,No,Cognitive Load,63.97,Relaxed
127,37,5,202210,4.831,2.041,0.514,5.874,0.53,38.62,No,Motor Imagery,42.77,Relaxed
128,35,2,19023,4.506,0.792,3.13,3.326,1.149,10.78,No,Cognitive Load,4.68,Distracted
129,44,5,345430,1.717,4.876,2.311,6.053,3.838,39.91,No,Visual Stimulus,50.35,Focused
130,40,3,408213,4.202,2.794,0.967,4.677,1.138,18.73,No,Motor Imagery,6.59,Distracted
131,22,7,520610,2.832,1.76,1.846,3.371,1.256,30.31,No,Motor Imagery,88.37,Fatigued
132,27,10,20923,2.578,1.775,1.434,1.138,0.871,25.03,No,Resting,75.3,Distracted
133,35,5,396103,1.915,5.458,7.362,2.901,0.603,22.03,No,Motor Imagery,37.87,Relaxed
134,1,8,194795,3.114,5.087,1.552,2.38,1.01,29.43,No,Resting,64.02,Fatigued
135,35,1,233462,3.785,3.544,4.532,5.649,2.605,18.85,No,Cognitive Load,11.2,Fatigued
136,37,3,51413,2.349,3.889,4.948,6.216,1.876,9.41,No,Resting,70.26,Focused
137,47,3,255719,3.331,3.109,4.576,6.281,2.26,22.11,No,Visual Stimulus,82.27,Distracted
138,14,9,553044,3.647,2.654,1.243,4.188,0.577,23.27,Yes,Motor Imagery,82.17,Focused
139,3,5,333720,3.7,5.535,2.891,4.502,3.228,12.07,No,Visual Stimulus,28.43,Distracted
140,1,9,272448,0.734,1.191,0.885,8.425,3.158,37.75,No,Motor Imagery,26.37,Relaxed
141,5,9,554629,4.369,2.801,3.468,5.024,0.184,12.96,No,Motor Imagery,52.14,Focused
142,26,1,410226,2.562,2.395,1.914,9.884,1.596,19.32,No,Cognitive Load,96.78,Relaxed
143,14,2,127039,1.681,3.24,4.712,4.676,0.368,10.42,No,Resting,92.05,Relaxed
144,39,5,180074,1.588,3.017,5.696,6.671,3.189,23.75,Yes,Cognitive Load,35.96,Fatigued
145,27,4,131562,2.674,3.354,4.491,0.978,2.975,15.77,No,Resting,77.98,Focused
146,9,10,3729,4.491,1.27,3.757,6.707,3.618,22.12,No,Cognitive Load,92.13,Distracted
147,15,9,347360,2.203,3.322,3.405,8.589,1.022,12.86,Yes,Cognitive Load,26.09,Focused
148,15,7,258360,3.874,1.833,6.813,9.453,1.88,6.88,No,Motor Imagery,83.03,Relaxed
149,26,6,359014,0.936,1.514,2.145,9.975,0.82,32.27,No,Cognitive Load,26.79,Fatigued
150,42,7,21398,2.642,0.857,6.007,3.181,1.548,27.44,No,Cognitive Load,34.33,Focused
151,13,1,296794,4.963,4.695,6.181,5.966,2.137,16.93,No,Resting,19.88,Fatigued
152,32,1,265303,3.967,2.851,3.644,4.782,0.308,6.66,No,Cognitive Load,50.71,Fatigued
153,39,8,360306,1.447,3.947,2.73,5.856,2.888,35.3,No,Motor Imagery,84.33,Relaxed
154,49,2,455982,2.756,4.502,4.029,1.996,2.219,10.94,No,Cognitive Load,52.81,Focused
155,32,10,225959,1.551,4.236,1.199,8.633,3.333,37.58,No,Visual Stimulus,12.34,Focused
156,4,9,410281,2.343,3.088,0.844,9.141,1.16,21.75,No,Visual Stimulus,25.18,Focused
157,30,7,545926,4.01,2.633,1.337,4.772,3.623,16.91,No,Resting,56.29,Fatigued
158,37,6,439727,3.971,2.568,1.904,3.164,3.995,30.96,No,Resting,58.32,Distracted
159,23,1,518490,1.526,4.02,4.281,1.838,3.685,35.69,No,Visual Stimulus,57.69,Focused
160,39,1,553608,4.65,3.221,6.869,6.996,3.134,17.97,No,Cognitive Load,7.7,Relaxed
161,45,2,463092,3.167,5.17,2.267,3.466,3.268,19.26,No,Cognitive Load,75.37,Fatigued
162,15,6,34924,2.21,5.311,7.514,9.141,2.338,20.16,No,Resting,90.94,Distracted
163,43,6,212792,2.759,1.438,7.662,6.875,0.842,37.28,No,Motor Imagery,51.05,Focused
164,29,2,433950,3.223,1.249,7.692,6.634,2.74,29.24,No,Cognitive Load,71.88,Distracted
165,36,1,2159,3.02,3.967,6.782,5.814,2.88,13.67,No,Visual Stimulus,91.4,Fatigued
166,13,10,573228,2.689,2.157,3.229,0.935,3.943,11.47,No,Motor Imagery,64.26,Distracted
167,32,5,470192,2.772,0.602,1.045,9.353,2.211,13.06,No,Motor Imagery,67.43,Fatigued
168,7,5,538966,1.294,5.388,4.766,6.465,1.158,14.22,Yes,Cognitive Load,72.14,Distracted
169,22,2,440420,4.157,1.748,4.69,9.944,2.766,13.06,No,Motor Imagery,26.05,Distracted
170,28,6,405237,2.938,5.611,6.875,5.605,3.92,28.05,No,Resting,58.27,Fatigued
171,2,9,591451,1.09,4.446,7.97,7.246,0.791,9.06,Yes,Motor Imagery,84.22,Distracted
172,42,2,154536,3.948,4.695,4.311,1.034,1.371,18.56,No,Resting,29.62,Relaxed
173,45,10,575425,4.696,1.608,3.089,6.501,2.213,26.88,No,Cognitive Load,89.72,Focused
174,6,2,423448,4.763,1.788,1.894,7.764,0.764,15.18,No,Motor Imagery,62.04,Distracted
175,28,3,501233,2.161,3.367,0.536,7.896,0.187,7.28,No,Visual Stimulus,42.32,Distracted
176,28,7,240970,1.11,1.447,4.318,7.816,1.414,7.86,No,Visual Stimulus,62.32,Distracted
177,44,6,901,2.833,2.18,4.666,2.65,3.475,9.41,No,Resting,40.19,Focused
178,44,8,87980,1.007,2.268,6.687,9.766,0.27,34.25,No,Resting,83.8,Fatigued
179,20,8,369738,4.703,1.378,4.284,9.954,1.773,28.03,No,Cognitive Load,48.23,Focused
180,30,6,476813,1.326,1.629,7.374,1.218,3.073,7.26,Yes,Motor Imagery,90.12,Distracted
181,11,10,292007,1.637,4.837,5.211,9.396,3.817,18.69,No,Resting,50.98,Fatigued
182,28,3,398838,2.33,1.42,6.803,3.25,3.943,14.75,No,Resting,66.04,Distracted
183,25,3,515956,2.224,0.657,1.612,7.048,1.746,25.23,No,Cognitive Load,99.77,Fatigued
184,39,1,476384,4.076,3.961,6.915,3.712,3.806,23.3,No,Motor Imagery,14.7,Distracted
185,33,7,487063,2.553,5.868,5.564,9.694,0.238,21.84,No,Motor Imagery,73.67,Distracted
186,1,5,251839,1.268,2.322,1.777,1.464,3.009,16.01,Yes,Resting,13.89,Fatigued
187,27,4,321395,1.702,1.153,1.923,5.229,2.607,9.82,No,Motor Imagery,83.89,Relaxed
188,13,10,596860,2.791,3.637,7.449,4.566,1.073,30.98,No,Motor Imagery,59.65,Focused
189,41,4,563543,1.164,5.485,0.742,3.597,2.079,35.79,Yes,Motor Imagery,93.82,Fatigued
190,3,4,587500,3.252,4.812,3.969,6.633,0.605,38.05,Yes,Visual Stimulus,86.6,Focused
191,39,6,387773,3.046,3.924,2.851,1.745,3.499,7.05,No,Motor Imagery,7.49,Relaxed
192,6,8,22499,3.716,2.233,5.488,7.308,1.496,30.9,No,Visual Stimulus,13.73,Relaxed
193,8,8,444844,4.72,3.48,6.797,9.816,2.542,30.43,No,Motor Imagery,60.12,Fatigued
194,27,5,585648,4.605,1.002,3.203,8.143,0.719,38.15,No,Motor Imagery,51.83,Relaxed
195,9,6,397819,4.757,4.234,3.702,8.67,0.904,13.85,No,Motor Imagery,16.86,Relaxed
196,37,4,486525,1.601,4.488,7.864,3.917,3.969,30.98,No,Resting,12.94,Distracted
197,33,9,143704,1.092,5.808,6.379,3.586,3.037,6.91,No,Resting,56.4,Distracted
198,42,8,91873,1.86,1.932,7.229,5.412,3.852,27.09,No,Visual Stimulus,4.89,Relaxed
199,44,10,65756,4.528,0.602,3.791,0.934,1.254,17.28,No,Motor Imagery,87.37,Distracted
200,24,10,440210,4.874,3.501,2.256,9.481,0.742,31.91,No,Visual Stimulus,80.71,Relaxed
201,15,1,194454,4.367,4.387,3.589,1.866,2.062,35.22,No,Motor Imagery,78.54,Distracted
202,32,2,318488,0.995,4.847,5.871,9.079,2.029,17.77,No,Cognitive Load,1.6,Relaxed
203,32,9,446991,4.763,1.566,1.321,1.294,0.782,23.4,No,Visual Stimulus,4.76,Relaxed
204,24,8,400565,2.405,1.94,2.529,8.315,2.96,9.11,No,Resting,54.98,Focused
205,41,3,551752,0.542,3.319,0.85,1.944,1.511,19.59,No,Cognitive Load,99.44,Relaxed
206,49,8,435840,2.491,2.318,3.743,0.862,0.827,17.63,No,Resting,34.23,Focused
207,49,1,121897,0.707,5.233,6.706,7.335,1.395,11.41,Yes,Cognitive Load,34.44,Fatigued
208,12,10,520082,2.947,3.106,0.685,3.163,2.298,36.31,No,Cognitive Load,13.43,Relaxed
209,39,4,299488,2.023,4.898,5.565,7.288,2.933,10.18,No,Cognitive Load,67.43,Relaxed
210,2,3,83791,2.63,3.693,7.494,5.773,1.979,27.25,No,Visual Stimulus,64.67,Focused
211,3,6,132534,3.259,4.752,2.277,1.534,2.15,36.15,No,Visual Stimulus,10.13,Relaxed
212,49,7,81441,4.41,2.33,5.702,9.355,0.642,36.92,No,Resting,46.74,Distracted
213,37,4,237612,3.479,5.073,7.813,4.797,3.667,32.76,Yes,Visual Stimulus,66.71,Focused
214,49,7,433797,2.453,2.01,7.717,7.477,3.722,11.16,No,Resting,49.35,Focused
215,17,9,231444,4.187,3.504,2.262,5.26,2.765,33.61,No,Motor Imagery,67.44,Distracted
216,49,2,137263,4.575,1.677,1.252,6.241,0.169,14.68,No,Resting,81.63,Relaxed
217,2,3,345578,1.039,3.115,1.612,3.376,2.195,37.28,Yes,Resting,68.58,Fatigued
218,2,5,47645,2.894,2.25,5.765,2.403,2.554,29.82,No,Visual Stimulus,61.61,Fatigued
219,28,3,239608,1.78,1.967,5.943,5.654,3.979,32.48,Yes,Resting,85.36,Fatigued
220,23,8,547571,0.712,5.818,5.557,4.682,3.985,7.98,No,Visual Stimulus,90.06,Focused
221,37,10,516369,3.508,1.38,3.021,4.206,3.445,25.4,No,Resting,38.89,Focused
222,32,8,349115,4.382,4.83,1.773,6.889,0.349,33.74,No,Motor Imagery,17.32,Distracted
223,33,8,102780,1.233,5.913,4.856,7.06,3.818,35.16,No,Visual Stimulus,81.79,Relaxed
224,1,9,423240,4.156,0.609,4.128,0.936,2.489,6.0,No,Visual Stimulus,21.38,Distracted
225,19,4,442846,4.34,4.345,5.966,3.718,3.223,37.87,No,Motor Imagery,92.9,Focused
226,2,5,515,4.615,1.891,3.81,4.412,1.688,6.52,No,Visual Stimulus,2.29,Fatigued
227,44,5,308360,1.694,0.723,3.04,1.42,1.347,26.51,No,Resting,92.13,Relaxed
228,26,8,333977,4.568,2.716,2.701,2.741,1.907,29.27,No,Cognitive Load,58.92,Fatigued
229,32,7,583043,1.943,5.644,2.086,0.991,0.673,8.76,No,Visual Stimulus,77.47,Relaxed
230,6,9,552144,2.986,0.565,2.493,9.964,1.493,6.68,No,Cognitive Load,39.85,Fatigued
231,32,8,508175,0.727,3.733,1.211,7.497,3.445,32.47,No,Resting,99.17,Relaxed
232,4,2,73870,0.697,3.258,3.101,1.331,0.248,18.46,No,Motor Imagery,22.76,Fatigued
233,11,10,137080,3.742,5.304,0.774,0.692,0.688,8.75,Yes,Visual Stimulus,26.43,Distracted
234,17,4,96502,2.5,0.962,1.898,7.333,0.588,31.69,No,Cognitive Load,5.14,Focused
235,38,6,590611,1.653,4.248,6.101,4.672,1.672,34.72,No,Motor Imagery,94.05,Distracted
236,24,2,432206,1.357,4.241,2.941,7.975,3.988,25.56,No,Motor Imagery,45.6,Fatigued
237,5,7,478977,3.515,4.18,5.512,9.273,0.776,10.64,No,Visual Stimulus,67.49,Relaxed
238,34,3,428556,0.502,5.683,5.877,6.193,0.667,5.53,No,Cognitive Load,68.74,Distracted
239,6,3,529321,4.127,5.027,4.859,2.278,3.669,29.53,No,Visual Stimulus,87.45,Fatigued
240,22,2,335468,0.857,0.731,7.69,7.931,3.54,24.25,Yes,Resting,66.49,Focused
241,11,8,480350,1.362,3.091,0.661,9.58,0.226,27.78,No,Motor Imagery,56.2,Relaxed
242,48,6,496232,2.238,2.689,6.04,6.012,3.032,33.46,Yes,Cognitive Load,71.03,Distracted
243,16,1,488455,2.682,2.206,7.691,6.979,2.656,20.2,Yes,Visual Stimulus,75.1,Focused
244,33,1,262210,2.097,2.982,6.967,3.706,3.094,9.36,No,Motor Imagery,18.59,Fatigued
245,9,7,531821,1.943,2.613,1.759,4.125,2.029,37.9,No,Visual Stimulus,10.97,Relaxed
246,6,8,377972,4.838,2.878,2.951,7.479,3.966,24.08,No,Cognitive Load,7.48,Fatigued
247,16,5,250231,3.387,5.886,1.793,9.314,0.271,26.54,No,Resting,37.41,Relaxed
248,29,5,12940,0.605,0.987,5.01,6.475,1.014,37.67,No,Resting,49.8,Focused
249,3,4,380171,2.436,5.572,5.841,8.004,1.647,37.61,No,Resting,61.56,Focused
250,20,6,541220,4.438,3.141,2.878,2.131,1.854,25.02,No,Visual Stimulus,95.8,Focused
251,36,6,226377,1.857,3.931,4.546,2.514,3.693,15.42,No,Motor Imagery,33.08,Distracted
252,19,3,450043,0.926,5.066,5.682,5.554,2.284,39.9,No,Resting,76.09,Distracted
253,26,9,24648,3.913,2.483,3.66,2.177,0.276,28.83,No,Resting,53.14,Distracted
254,3,7,32966,3.227,2.867,6.905,6.532,1.691,19.3,No,Resting,22.01,Fatigued
255,19,1,420993,3.066,2.752,6.287,3.271,1.724,24.59,No,Resting,61.53,Distracted
256,20,7,255733,0.741,2.561,0.985,8.02,3.865,19.55,No,Cognitive Load,96.72,Relaxed
257,32,5,163639,1.132,5.59,5.158,8.177,2.437,36.09,No,Cognitive Load,12.43,Focused
258,7,5,246331,3.301,5.059,2.265,4.906,2.579,21.89,No,Motor Imagery,50.73,Fatigued
259,41,2,42598,1.435,1.099,4.681,2.218,2.882,33.82,Yes,Cognitive Load,5.16,Fatigued
260,33,4,190271,2.768,1.095,7.677,6.644,3.103,34.41,No,Cognitive Load,32.12,Distracted
261,40,6,407014,2.952,2.853,7.093,9.931,2.577,33.85,No,Cognitive Load,62.06,Relaxed
262,39,10,248004,1.776,1.043,3.534,6.415,1.025,30.28,No,Visual Stimulus,84.11,Focused
263,18,7,17118,4.768,3.905,2.686,0.84,3.509,34.92,No,Cognitive Load,73.03,Fatigued
264,40,5,22616,4.291,1.29,2.258,0.664,2.955,18.55,No,Visual Stimulus,46.29,Focused
265,1,9,131870,3.751,3.373,4.494,3.543,2.993,9.01,Yes,Visual Stimulus,90.92,Relaxed
266,11,3,269745,0.851,0.54,1.357,2.36,3.987,34.49,No,Cognitive Load,30.27,Focused
267,28,1,2795,0.978,2.241,4.62,8.224,3.23,22.44,No,Visual Stimulus,75.4,Distracted
268,25,4,97462,2.718,4.225,0.51,8.526,3.334,9.46,No,Resting,47.4,Focused
269,50,9,438480,1.223,3.162,2.929,2.957,3.81,9.04,No,Motor Imagery,89.86,Fatigued
270,23,4,365036,4.902,5.88,2.15,3.594,0.689,10.57,No,Cognitive Load,79.74,Distracted
271,31,2,334977,1.213,5.308,7.784,2.744,2.041,31.28,No,Cognitive Load,90.15,Distracted
272,30,10,522904,2.694,2.475,5.954,9.13,2.364,29.88,No,Motor Imagery,21.42,Distracted
273,42,5,265228,2.139,0.75,3.122,5.275,1.384,12.13,No,Cognitive Load,66.82,Distracted
274,35,3,469862,3.377,5.151,1.196,6.733,3.374,34.64,No,Cognitive Load,73.85,Fatigued
275,7,9,132201,1.081,5.512,4.376,4.447,3.073,14.85,No,Motor Imagery,74.24,Relaxed
276,16,4,159094,2.436,5.013,2.101,6.495,2.911,32.75,No,Visual Stimulus,50.4,Relaxed
277,26,6,263749,1.736,1.204,4.523,4.166,3.989,22.11,No,Resting,1.13,Distracted
278,48,2,77506,4.495,5.989,6.765,3.727,1.112,30.6,No,Visual Stimulus,26.14,Relaxed
279,49,6,44130,0.683,1.922,5.118,6.528,2.968,18.35,No,Resting,32.33,Fatigued
280,2,3,163402,4.612,4.483,5.253,6.115,2.25,17.15,Yes,Motor Imagery,85.2,Relaxed
281,1,9,146259,4.248,5.494,4.558,3.289,1.321,34.45,No,Visual Stimulus,84.09,Relaxed
282,48,2,419007,1.839,1.796,7.454,1.919,0.726,6.24,No,Visual Stimulus,10.47,Fatigued
283,12,9,352580,4.052,5.495,7.489,4.001,3.594,39.12,No,Resting,94.98,Relaxed
284,5,5,201682,0.64,2.202,4.345,4.444,2.422,27.69,No,Resting,18.25,Distracted
285,37,8,374485,4.851,5.87,2.793,6.473,3.317,20.14,No,Resting,41.44,Distracted
286,32,2,223034,2.87,2.047,3.947,9.188,2.227,26.98,Yes,Resting,21.52,Fatigued
287,9,6,509394,1.865,5.744,1.899,0.844,0.958,9.3,No,Cognitive Load,86.03,Distracted
288,41,3,544061,2.132,0.794,5.273,2.815,1.416,22.99,No,Motor Imagery,74.94,Distracted
289,35,10,283007,0.799,4.401,4.251,2.34,1.588,39.48,No,Resting,35.35,Distracted
290,19,5,313559,4.952,3.427,1.275,5.272,3.894,13.23,Yes,Visual Stimulus,68.19,Distracted
291,48,8,68968,0.677,3.128,1.982,4.582,0.122,30.28,Yes,Visual Stimulus,18.44,Distracted
292,16,10,493891,3.447,1.729,4.097,7.426,3.944,20.22,No,Visual Stimulus,38.23,Relaxed
293,3,1,584718,2.492,4.381,7.157,2.803,3.924,27.84,Yes,Resting,37.71,Fatigued
294,20,5,250072,4.77,1.549,4.748,6.148,3.985,12.17,No,Motor Imagery,23.79,Focused
295,24,3,1515,1.607,3.541,5.612,8.897,1.959,21.47,Yes,Cognitive Load,87.63,Fatigued
296,33,4,97206,2.894,1.893,3.043,9.151,3.859,39.3,No,Resting,67.88,Fatigued
297,24,2,245282,2.671,5.756,4.786,9.608,1.643,11.84,No,Resting,27.99,Fatigued
298,11,9,407821,3.663,0.657,3.855,7.846,0.203,27.28,No,Cognitive Load,24.21,Relaxed
299,49,3,5586,0.806,1.599,5.443,9.107,0.975,25.15,No,Motor Imagery,1.8,Fatigued
300,8,2,555474,1.372,1.833,0.879,2.728,3.787,24.78,No,Resting,34.66,Fatigued
301,36,10,551216,1.466,2.777,4.2,2.377,0.154,26.53,Yes,Visual Stimulus,52.68,Relaxed
302,38,9,385134,3.822,1.78,2.72,0.562,2.229,22.58,Yes,Visual Stimulus,27.77,Distracted
303,40,7,349173,1.351,3.202,2.946,7.215,0.395,5.59,Yes,Resting,70.05,Focused
304,20,6,544999,3.081,5.299,7.707,9.406,1.217,36.5,No,Motor Imagery,41.17,Distracted
305,35,1,579250,1.469,4.416,1.87,2.276,0.444,33.94,Yes,Visual Stimulus,31.63,Fatigued
306,48,5,20039,4.377,3.69,2.834,6.551,3.452,11.1,No,Visual Stimulus,93.91,Distracted
307,25,3,560849,4.74,0.99,4.324,7.591,2.405,19.46,No,Cognitive Load,26.28,Relaxed
308,35,1,206555,2.833,4.317,6.973,9.312,3.618,31.97,No,Motor Imagery,39.83,Focused
309,25,4,491087,2.085,1.415,3.625,6.645,2.785,39.3,No,Resting,38.23,Distracted
310,29,2,219730,1.553,4.825,6.079,9.718,3.887,38.29,No,Cognitive Load,24.12,Fatigued
311,18,2,1577,0.724,1.875,6.923,3.774,2.089,36.48,No,Cognitive Load,21.75,Focused
312,46,3,107792,1.708,2.794,2.825,3.824,2.591,10.54,No,Cognitive Load,30.24,Fatigued
313,18,8,238540,3.444,2.428,3.446,5.659,2.348,37.01,No,Motor Imagery,86.42,Distracted
314,2,8,228506,2.901,5.223,3.174,4.143,1.989,35.75,No,Motor Imagery,76.71,Distracted
315,35,7,10785,4.748,1.196,6.746,0.514,3.399,18.19,No,Motor Imagery,68.1,Fatigued
316,16,6,72227,2.283,3.611,0.833,7.452,2.614,18.81,No,Resting,45.71,Focused
317,41,9,589719,3.622,1.281,2.813,7.641,3.225,21.1,No,Motor Imagery,50.78,Focused
318,36,4,410513,2.702,4.376,5.596,7.596,3.167,27.97,No,Cognitive Load,26.71,Focused
319,33,1,247941,2.807,5.478,4.741,3.778,0.845,14.13,No,Visual Stimulus,7.43,Distracted
320,4,8,150653,1.705,2.89,3.772,5.462,2.636,5.8,No,Resting,33.1,Distracted
321,33,7,317336,2.547,3.185,4.55,3.92,0.879,9.94,No,Resting,49.56,Fatigued
322,14,7,263606,2.619,5.601,1.982,0.652,2.375,20.4,No,Resting,5.73,Fatigued
323,21,3,390992,3.68,3.365,3.73,5.843,2.742,14.87,No,Cognitive Load,8.82,Relaxed
324,48,4,338250,4.733,3.182,4.263,1.676,3.989,31.76,No,Motor Imagery,26.3,Relaxed
325,20,10,310809,1.982,3.681,7.259,1.26,0.219,8.73,No,Cognitive Load,36.71,Relaxed
326,8,9,343154,0.69,4.291,2.456,7.677,0.456,37.11,No,Visual Stimulus,39.33,Fatigued
327,7,6,596861,2.733,1.088,7.009,0.59,0.4,36.34,No,Motor Imagery,11.79,Focused
328,3,5,224737,2.95,5.016,5.332,9.611,1.654,36.81,No,Visual Stimulus,22.58,Relaxed
329,17,3,537674,1.258,2.895,0.653,5.395,3.304,30.89,No,Resting,26.16,Fatigued
330,33,9,386213,3.922,0.898,5.935,9.839,3.392,8.74,Yes,Resting,6.76,Distracted
331,48,5,54460,4.932,4.824,0.767,1.051,2.974,20.33,Yes,Cognitive Load,32.61,Focused
332,12,5,399437,4.756,2.573,7.98,6.044,3.598,9.6,No,Motor Imagery,7.22,Relaxed
333,22,4,416690,1.387,1.052,7.045,3.819,1.359,39.57,No,Resting,70.35,Distracted
334,22,4,115375,4.439,3.986,2.73,8.513,0.444,16.66,No,Cognitive Load,38.6,Focused
335,46,1,152117,3.67,5.341,2.431,3.932,0.327,25.49,No,Visual Stimulus,32.68,Focused
336,30,7,116582,2.542,5.383,3.361,2.975,3.423,32.28,No,Cognitive Load,12.65,Distracted
337,38,9,498909,2.933,5.767,3.171,8.647,2.949,37.22,No,Motor Imagery,22.65,Relaxed
338,38,3,576623,4.323,5.272,3.293,4.059,2.825,31.44,No,Motor Imagery,23.27,Relaxed
339,45,2,52949,2.661,0.512,2.887,0.66,1.425,28.61,No,Motor Imagery,98.52,Distracted
340,8,3,463930,2.179,2.591,5.159,4.208,1.582,21.31,No,Resting,83.53,Distracted
341,27,1,95558,2.72,5.002,1.732,6.718,3.837,26.19,No,Cognitive Load,1.53,Distracted
342,27,6,408456,3.106,2.514,6.845,2.916,0.349,8.3,No,Visual Stimulus,61.68,Fatigued
343,34,7,147646,1.351,3.809,6.593,4.604,3.118,35.94,No,Motor Imagery,25.59,Focused
344,21,2,466933,4.554,3.835,4.074,1.039,1.308,24.03,No,Cognitive Load,10.44,Relaxed
345,30,8,504515,3.534,2.508,6.895,6.087,0.252,6.4,No,Resting,70.56,Relaxed
346,33,6,71916,3.35,5.475,2.354,7.685,2.996,37.2,No,Visual Stimulus,13.16,Distracted
347,28,4,259590,0.948,3.268,0.632,4.426,1.391,22.13,No,Visual Stimulus,44.37,Focused
348,47,5,575194,3.219,3.056,5.144,4.492,2.916,35.4,No,Visual Stimulus,63.22,Distracted
349,33,8,74694,1.044,5.986,3.934,1.339,2.86,34.99,Yes,Resting,55.45,Focused
350,5,3,413867,0.854,3.214,4.754,2.418,2.186,33.55,No,Motor Imagery,97.76,Distracted
351,48,3,282152,2.873,1.481,7.245,1.969,3.132,7.15,No,Resting,78.57,Distracted
352,19,4,70474,2.313,3.322,7.774,5.076,2.366,13.65,No,Visual Stimulus,77.42,Focused
353,4,1,562473,3.15,4.977,5.258,5.528,1.218,35.64,No,Cognitive Load,35.56,Relaxed
354,35,9,350068,0.901,4.773,6.23,9.515,2.963,36.46,Yes,Visual Stimulus,0.84,Relaxed
355,49,8,262048,2.439,4.837,1.129,1.196,2.398,21.03,Yes,Cognitive Load,73.44,Fatigued
356,17,8,546792,1.287,4.394,1.705,6.199,0.15,20.4,No,Resting,99.97,Focused
357,44,10,54970,4.942,1.898,5.999,5.502,3.616,11.13,No,Resting,40.59,Relaxed
358,28,6,278910,3.025,5.241,3.735,5.404,2.228,38.89,No,Resting,98.55,Relaxed
359,30,7,404911,3.593,5.414,3.845,8.795,3.488,12.46,No,Cognitive Load,14.17,Focused
360,29,6,411012,1.964,1.568,2.815,2.453,3.543,11.68,No,Resting,29.65,Relaxed
361,46,9,173615,0.926,1.218,5.055,0.887,1.835,28.13,No,Motor Imagery,17.07,Focused
362,6,3,497666,4.891,5.866,1.889,6.887,2.08,13.5,No,Visual Stimulus,47.52,Relaxed
363,35,3,120494,1.788,5.276,5.202,3.779,1.721,37.86,No,Motor Imagery,79.7,Distracted
364,41,3,533090,2.407,5.413,1.803,0.667,1.853,5.38,No,Cognitive Load,34.07,Focused
365,37,10,171277,3.424,5.375,0.979,2.888,3.591,5.2,Yes,Resting,90.62,Focused
366,24,3,491966,0.611,3.479,2.978,3.439,3.174,22.67,No,Visual Stimulus,54.48,Relaxed
367,29,9,296303,4.146,4.055,2.234,6.36,0.593,22.08,No,Resting,46.54,Focused
368,49,4,11516,2.915,3.499,7.167,2.14,2.48,10.72,No,Resting,78.7,Fatigued
369,46,7,312636,1.752,0.782,0.912,4.424,3.984,22.31,No,Visual Stimulus,10.14,Fatigued
370,31,9,554768,0.777,4.6,1.825,5.084,2.423,19.41,No,Visual Stimulus,77.38,Focused
371,35,7,183163,1.231,3.279,4.615,4.863,3.165,36.16,No,Motor Imagery,24.3,Fatigued
372,33,9,128023,4.528,4.062,4.108,9.752,3.099,5.32,No,Motor Imagery,28.08,Relaxed
373,21,3,372339,3.587,3.265,0.844,0.932,1.466,39.17,No,Motor Imagery,59.95,Relaxed
374,32,4,178838,1.625,3.205,0.554,9.534,1.55,26.85,No,Motor Imagery,90.19,Focused
375,23,8,271409,0.795,1.445,7.911,6.028,2.924,10.31,No,Motor Imagery,57.84,Relaxed
376,33,6,333134,3.608,2.033,5.441,8.059,2.05,6.64,No,Cognitive Load,64.89,Relaxed
377,3,5,494670,3.076,1.374,3.241,4.589,2.325,23.83,Yes,Cognitive Load,77.66,Fatigued
378,18,4,121635,2.32,1.576,4.028,4.811,2.88,13.22,No,Resting,25.93,Relaxed
379,25,8,220935,2.136,5.851,2.499,8.854,3.133,15.54,No,Resting,82.72,Relaxed
380,42,1,511566,1.476,1.342,3.087,9.011,1.159,13.58,No,Motor Imagery,41.8,Fatigued
381,31,9,53634,3.513,1.981,5.368,2.768,0.672,27.76,No,Resting,17.57,Distracted
382,3,1,492503,4.868,3.748,7.121,2.393,1.238,24.37,No,Cognitive Load,35.01,Focused
383,40,8,218599,1.291,3.856,1.881,5.214,2.079,7.73,No,Cognitive Load,24.61,Focused
384,46,4,237919,3.187,1.347,6.803,9.053,1.434,23.43,No,Resting,22.87,Distracted
385,24,9,468668,2.409,4.865,1.412,3.562,2.317,32.69,Yes,Motor Imagery,28.26,Fatigued
386,50,5,403359,2.51,4.819,2.112,6.694,0.309,7.84,No,Cognitive Load,18.09,Fatigued
387,32,3,484607,1.644,1.805,0.779,7.227,2.088,36.14,No,Visual Stimulus,66.77,Relaxed
388,47,9,591731,4.213,2.088,1.556,7.897,1.535,25.24,No,Visual Stimulus,58.0,Relaxed
389,22,9,291568,2.684,5.659,7.38,5.857,2.185,38.27,No,Resting,64.84,Focused
390,23,4,350988,2.945,5.041,3.946,4.323,1.748,10.18,No,Motor Imagery,34.37,Focused
391,2,4,41505,1.871,4.338,1.082,9.687,1.208,39.77,No,Resting,76.97,Fatigued
392,27,8,102478,1.318,0.952,7.698,6.308,3.626,27.55,No,Motor Imagery,12.96,Relaxed
393,42,2,62699,0.887,2.8,7.092,7.421,0.821,24.86,No,Motor Imagery,57.11,Fatigued
394,2,9,418680,3.714,3.576,6.16,3.777,2.757,23.03,No,Visual Stimulus,27.55,Distracted
395,26,6,154721,1.383,1.531,7.501,6.865,3.706,5.83,No,Cognitive Load,52.76,Focused
396,17,9,136668,3.605,2.965,2.151,2.949,2.201,37.89,No,Cognitive Load,32.36,Focused
397,40,8,278518,2.257,3.806,6.773,2.828,3.518,27.54,No,Resting,79.05,Fatigued
398,33,7,265919,2.371,2.301,5.675,7.29,0.587,8.21,Yes,Resting,89.13,Relaxed
399,9,1,385944,2.611,4.795,7.023,5.453,2.026,5.73,No,Motor Imagery,74.26,Relaxed
400,43,3,315783,2.155,5.122,6.477,6.991,1.882,6.78,Yes,Cognitive Load,17.56,Distracted
401,48,2,114010,0.953,2.28,3.099,3.06,0.132,26.33,Yes,Motor Imagery,27.49,Distracted
402,39,5,555393,1.893,5.113,6.308,6.188,1.829,26.49,Yes,Visual Stimulus,91.94,Distracted
403,29,5,523472,3.487,1.07,2.468,4.717,1.539,22.49,No,Visual Stimulus,43.72,Fatigued
404,42,5,406884,3.496,5.108,2.964,6.171,2.712,15.74,No,Motor Imagery,94.12,Focused
405,26,4,259021,1.788,1.34,1.309,3.263,3.759,23.61,No,Motor Imagery,39.25,Fatigued
406,35,5,147032,2.57,0.956,7.513,7.297,0.435,23.07,Yes,Motor Imagery,95.18,Fatigued
407,50,3,142429,1.371,4.03,2.683,8.156,1.377,5.68,No,Motor Imagery,92.57,Relaxed
408,25,1,457820,1.447,3.096,4.405,2.969,1.832,14.89,No,Motor Imagery,66.05,Distracted
409,24,5,313940,0.604,5.493,3.435,3.356,1.875,6.86,No,Visual Stimulus,0.88,Focused
410,13,9,277948,4.535,2.498,7.699,6.781,3.122,36.51,No,Visual Stimulus,40.03,Distracted
411,7,9,159204,1.448,2.079,3.013,7.108,1.829,30.38,No,Visual Stimulus,91.12,Distracted
412,36,4,281209,1.524,3.254,6.339,7.189,0.206,39.86,No,Resting,88.51,Distracted
413,45,3,105072,1.758,3.008,6.916,6.986,2.869,15.58,No,Visual Stimulus,18.74,Focused
414,20,1,89360,1.073,2.394,3.767,4.232,3.551,35.75,No,Cognitive Load,39.92,Relaxed
415,1,2,62287,3.377,4.316,3.336,4.251,2.104,26.11,No,Cognitive Load,83.55,Focused
416,8,8,238009,0.838,4.678,6.108,2.921,2.366,20.86,No,Motor Imagery,57.79,Focused
417,46,1,230881,1.104,5.191,7.347,1.99,0.735,12.79,No,Visual Stimulus,84.73,Relaxed
418,16,8,107357,3.401,5.851,6.162,7.079,0.961,30.84,No,Motor Imagery,82.66,Focused
419,14,7,441733,2.028,1.967,2.203,1.385,1.017,36.64,No,Motor Imagery,90.75,Focused
420,12,8,207440,3.686,4.439,7.162,9.409,1.78,13.24,No,Cognitive Load,11.72,Fatigued
421,23,6,553958,3.008,2.668,3.407,8.354,3.72,11.14,No,Cognitive Load,14.52,Focused
422,15,9,351300,1.652,4.224,4.822,8.646,2.135,29.37,No,Motor Imagery,8.28,Fatigued
423,28,3,159379,3.429,3.118,6.736,9.113,0.849,39.19,Yes,Cognitive Load,93.53,Fatigued
424,34,10,198159,1.023,5.966,1.913,4.382,1.138,31.25,No,Motor Imagery,47.52,Fatigued
425,2,4,194152,2.914,4.509,6.384,8.544,1.598,14.96,No,Motor Imagery,6.43,Distracted
426,32,6,66985,2.467,5.739,4.971,2.002,2.531,19.7,No,Motor Imagery,32.15,Relaxed
427,23,8,483178,1.705,5.092,7.2,0.706,1.816,18.45,No,Resting,35.14,Distracted
428,22,5,171349,3.218,5.466,1.79,7.956,1.631,34.82,No,Cognitive Load,80.96,Relaxed
429,25,3,555839,4.421,4.979,3.655,1.211,2.302,32.0,No,Cognitive Load,73.55,Focused
430,22,6,449813,4.995,3.025,6.746,9.891,1.043,25.61,Yes,Visual Stimulus,68.94,Fatigued
431,22,4,386486,3.235,1.885,0.644,6.911,0.408,14.62,No,Cognitive Load,2.19,Distracted
432,49,9,9637,2.321,2.537,1.342,7.658,0.195,37.83,No,Visual Stimulus,91.07,Focused
433,42,3,551238,1.513,0.611,7.929,2.835,1.08,27.87,Yes,Motor Imagery,21.56,Distracted
434,6,4,416704,1.657,3.382,2.603,6.902,0.457,38.97,No,Resting,62.91,Focused
435,15,7,497760,2.658,3.278,7.817,0.911,1.412,25.3,No,Motor Imagery,6.18,Distracted
436,43,7,215,2.153,3.389,1.869,8.459,3.114,33.74,Yes,Motor Imagery,8.15,Focused
437,37,4,367747,4.612,5.857,3.208,2.111,2.894,33.46,No,Motor Imagery,0.96,Focused
438,33,6,23834,2.157,5.513,6.147,7.125,2.483,16.81,No,Visual Stimulus,56.59,Distracted
439,8,3,296618,2.181,1.389,5.433,2.633,3.425,38.74,No,Resting,62.94,Focused
440,44,6,567354,2.226,2.529,4.858,1.15,1.2,5.77,No,Motor Imagery,5.05,Fatigued
441,44,2,272544,4.265,2.832,4.474,5.074,3.552,31.9,Yes,Visual Stimulus,29.05,Fatigued
442,5,8,534633,3.429,2.483,6.826,2.108,1.657,38.79,No,Motor Imagery,85.15,Fatigued
443,39,2,33896,3.264,4.892,2.262,7.43,1.663,16.86,No,Resting,10.13,Fatigued
444,4,7,478646,2.004,3.382,3.819,2.757,1.681,27.68,No,Motor Imagery,21.65,Relaxed
445,6,9,499387,4.181,3.647,1.666,3.753,0.483,24.68,Yes,Motor Imagery,42.44,Distracted
446,45,1,510269,0.673,5.192,4.97,5.891,3.904,31.65,No,Cognitive Load,84.23,Fatigued
447,32,8,267727,4.419,4.933,2.379,3.207,0.64,35.32,No,Visual Stimulus,25.48,Fatigued
448,30,7,513622,2.807,1.227,3.004,4.091,1.429,26.11,No,Resting,99.71,Fatigued
449,47,6,71537,2.292,4.427,4.034,8.248,1.345,33.56,No,Visual Stimulus,35.53,Relaxed
450,35,6,397783,2.737,2.895,0.701,2.202,0.391,15.93,No,Cognitive Load,38.64,Distracted
451,40,6,599095,3.503,2.121,1.19,1.281,0.694,13.0,Yes,Motor Imagery,12.21,Focused
452,16,9,470455,0.557,0.775,5.644,3.619,0.275,20.07,No,Resting,68.02,Relaxed
453,13,2,232117,4.422,3.18,3.717,4.532,1.24,28.72,No,Resting,24.35,Fatigued
454,50,1,333936,2.51,2.455,6.986,5.655,3.48,11.55,Yes,Visual Stimulus,62.89,Fatigued
455,42,6,393444,2.043,1.883,5.71,4.038,1.424,28.81,No,Motor Imagery,22.32,Relaxed
456,30,10,213286,1.122,4.321,0.561,8.004,0.582,18.79,Yes,Cognitive Load,38.79,Distracted
457,19,8,561340,2.478,4.732,5.125,0.874,2.618,32.85,Yes,Motor Imagery,85.67,Distracted
458,17,3,450985,2.733,1.846,1.203,4.602,3.987,6.29,No,Visual Stimulus,73.89,Focused
459,19,10,46032,2.316,0.772,6.357,4.131,1.006,28.38,No,Resting,15.46,Relaxed
460,28,1,504910,3.554,5.168,7.936,6.652,1.19,27.74,No,Resting,60.77,Distracted
461,26,9,295830,2.394,0.555,4.484,9.68,3.89,37.93,No,Motor Imagery,62.86,Relaxed
462,37,1,234337,4.826,5.654,5.621,5.349,0.797,29.97,No,Motor Imagery,9.06,Distracted
463,26,3,172857,3.197,3.952,2.28,9.875,2.094,32.87,No,Motor Imagery,46.58,Distracted
464,23,8,429763,4.134,2.27,3.782,3.371,1.035,36.66,No,Motor Imagery,26.07,Fatigued
465,9,3,304962,0.992,1.856,6.921,0.793,3.736,28.63,No,Cognitive Load,46.71,Distracted
466,12,4,334071,2.288,0.55,1.756,2.074,3.928,15.16,Yes,Cognitive Load,77.71,Distracted
467,1,8,341609,2.016,1.795,2.492,4.254,3.277,35.44,No,Cognitive Load,15.83,Relaxed
468,1,1,299477,3.063,1.258,3.841,3.505,1.328,31.17,No,Cognitive Load,12.33,Distracted
469,47,6,126457,4.375,3.867,5.842,1.422,1.674,19.86,Yes,Visual Stimulus,26.93,Distracted
470,34,1,278720,0.853,1.416,3.319,4.61,1.045,29.87,No,Resting,95.23,Relaxed
471,32,1,119875,0.827,3.407,7.458,3.712,3.574,35.37,No,Resting,74.78,Distracted
472,48,8,466995,4.326,3.746,1.208,1.665,3.667,39.15,No,Visual Stimulus,1.95,Relaxed
473,25,4,555889,1.458,2.139,3.281,3.313,1.734,38.33,No,Visual Stimulus,40.1,Relaxed
474,40,1,314260,3.509,0.693,5.817,8.921,2.66,16.39,No,Cognitive Load,25.74,Relaxed
475,45,10,517965,2.943,0.705,2.195,3.369,0.746,19.76,No,Motor Imagery,63.81,Relaxed
476,1,7,510472,4.248,0.645,5.423,7.283,1.796,8.83,No,Resting,45.93,Fatigued
477,16,5,581042,1.063,4.565,1.732,6.314,2.563,13.66,No,Visual Stimulus,96.45,Fatigued
478,39,5,229047,1.084,2.249,0.92,4.558,1.603,35.88,No,Motor Imagery,21.9,Fatigued
479,5,1,92850,3.006,4.88,1.408,2.771,1.495,17.63,No,Cognitive Load,58.79,Fatigued
480,22,10,354835,4.759,2.875,7.475,4.006,0.104,26.72,No,Visual Stimulus,70.02,Relaxed
481,29,6,563159,2.367,2.991,4.638,6.125,3.237,28.31,No,Resting,82.56,Relaxed
482,3,9,193946,1.971,3.321,6.473,3.832,3.568,32.36,Yes,Resting,40.7,Relaxed
483,12,9,470949,3.23,4.422,2.995,2.542,3.881,11.4,Yes,Resting,68.69,Relaxed
484,26,8,249200,4.687,2.004,4.945,1.606,2.905,15.67,No,Visual Stimulus,30.32,Fatigued
485,16,5,306606,4.266,1.169,4.212,8.858,2.24,20.69,No,Resting,43.55,Distracted
486,37,1,454598,4.98,3.558,7.593,4.683,1.15,17.77,No,Cognitive Load,89.56,Fatigued
487,22,9,483410,0.602,2.298,6.107,6.439,3.997,39.4,No,Resting,94.99,Relaxed
488,29,1,556862,1.008,2.934,5.979,5.159,2.4,34.22,No,Cognitive Load,71.88,Relaxed
489,14,8,435126,3.243,4.058,0.848,8.789,2.757,21.79,No,Resting,37.44,Distracted
490,28,5,204603,4.193,3.218,4.623,5.696,2.761,35.77,Yes,Cognitive Load,82.01,Relaxed
491,5,3,109779,1.784,3.912,4.002,5.067,3.396,17.17,No,Visual Stimulus,2.59,Distracted
492,47,7,18557,1.576,3.493,7.459,9.284,0.138,32.5,No,Cognitive Load,10.27,Relaxed
493,49,7,159132,4.041,4.569,2.43,7.337,0.959,12.83,No,Visual Stimulus,66.14,Distracted
494,30,9,452082,0.754,4.383,2.524,1.56,2.696,32.03,No,Motor Imagery,29.12,Focused
495,46,7,334248,2.162,3.438,3.585,2.188,3.591,20.98,No,Cognitive Load,95.14,Focused
496,5,3,477793,2.776,4.234,2.325,7.978,2.773,8.76,No,Visual Stimulus,43.61,Focused
497,12,1,144926,3.022,5.305,1.469,8.441,1.713,14.56,No,Motor Imagery,42.94,Focused
498,16,8,184054,3.779,2.877,6.931,5.679,1.51,19.08,No,Resting,67.81,Relaxed
499,26,3,565369,2.097,2.77,4.687,5.767,2.978,31.23,No,Motor Imagery,76.76,Relaxed
500,26,8,381325,3.257,4.703,6.96,6.503,2.991,7.55,Yes,Cognitive Load,47.56,Relaxed
501,48,8,328910,3.134,3.704,6.734,4.672,2.468,28.08,No,Motor Imagery,21.4,Focused
502,21,5,155063,2.964,0.891,2.615,6.962,1.237,30.06,No,Resting,77.33,Distracted
503,39,1,286610,3.382,5.407,4.608,1.531,3.708,27.89,Yes,Motor Imagery,32.04,Distracted
504,36,10,473656,1.668,0.669,1.124,9.632,2.252,31.62,No,Cognitive Load,17.51,Focused
505,33,7,26081,0.881,4.616,7.364,7.626,3.183,11.24,No,Cognitive Load,63.16,Relaxed
506,30,10,24354,1.037,4.673,3.532,6.496,0.936,25.55,No,Visual Stimulus,9.05,Focused
507,37,5,64384,1.511,5.742,3.453,3.505,1.442,37.94,No,Resting,97.14,Fatigued
508,23,8,35525,2.751,0.798,2.771,2.029,3.511,26.38,Yes,Resting,63.24,Distracted
509,10,9,6464,4.282,3.783,3.955,4.389,0.295,26.4,No,Motor Imagery,98.59,Focused
510,5,7,540850,3.656,2.853,2.388,6.785,2.098,30.78,No,Resting,33.89,Focused
511,36,7,579802,4.051,2.318,3.311,6.52,1.979,16.66,No,Cognitive Load,97.12,Focused
512,34,1,375572,2.079,0.997,6.5,4.135,3.03,29.52,No,Motor Imagery,14.56,Focused
513,31,4,112564,2.321,3.595,6.757,6.326,1.199,37.07,No,Visual Stimulus,4.07,Relaxed
514,10,2,370191,2.272,3.135,2.781,8.231,0.954,5.38,No,Motor Imagery,3.3,Distracted
515,19,2,467435,1.363,1.075,4.018,0.75,3.712,35.45,No,Motor Imagery,46.49,Fatigued
516,32,2,556922,0.775,3.869,7.054,4.781,2.33,12.65,No,Visual Stimulus,8.3,Relaxed
517,1,4,194215,3.159,4.559,0.895,7.706,0.508,20.96,No,Motor Imagery,51.22,Focused
518,5,1,547353,4.951,4.72,7.169,5.688,0.853,34.83,No,Resting,32.75,Focused
519,45,4,265039,1.251,5.48,2.144,6.689,3.995,33.84,Yes,Motor Imagery,33.56,Focused
520,4,2,343003,0.71,2.752,5.589,5.408,0.863,36.22,No,Motor Imagery,63.56,Focused
521,16,5,104127,4.008,5.742,4.869,9.923,2.481,37.91,No,Motor Imagery,16.31,Distracted
522,24,3,96426,1.637,5.26,4.647,1.019,1.738,20.65,No,Cognitive Load,76.66,Focused
523,16,8,192376,4.233,2.131,6.945,5.165,3.554,27.97,No,Cognitive Load,58.2,Fatigued
524,2,4,11962,3.668,1.376,1.262,1.368,3.045,18.67,No,Resting,91.49,Relaxed
525,49,1,33302,4.756,2.895,3.103,2.018,2.428,17.28,No,Visual Stimulus,36.48,Distracted
526,28,1,347526,2.34,2.71,4.537,4.139,0.142,20.11,Yes,Cognitive Load,98.27,Focused
527,32,10,4011,3.479,3.666,6.585,1.978,3.531,31.01,No,Cognitive Load,57.58,Fatigued
528,27,3,19782,2.592,3.709,2.123,9.655,1.834,22.55,No,Resting,97.34,Relaxed
529,20,9,198763,3.338,4.625,6.522,9.495,3.733,33.49,Yes,Resting,2.71,Relaxed
530,24,7,432941,2.523,3.304,3.497,3.693,2.033,31.08,No,Visual Stimulus,72.8,Distracted
531,12,2,533484,1.349,1.077,1.917,6.578,2.807,5.72,No,Motor Imagery,81.66,Relaxed
532,50,9,43459,2.786,5.221,6.192,5.571,0.37,27.06,No,Motor Imagery,5.32,Focused
533,35,10,522829,2.879,2.204,1.182,8.248,3.006,20.28,No,Visual Stimulus,57.9,Focused
534,33,2,363154,4.148,5.842,4.361,6.461,1.418,20.98,No,Visual Stimulus,80.19,Fatigued
535,33,3,32769,3.81,1.148,0.979,0.502,1.47,33.64,No,Visual Stimulus,56.1,Fatigued
536,43,10,369673,3.487,5.77,3.173,7.75,0.563,24.17,Yes,Resting,6.38,Relaxed
537,37,2,24700,1.01,1.001,5.008,7.595,0.673,36.0,No,Motor Imagery,69.34,Distracted
538,12,3,231237,3.743,1.771,4.671,5.342,0.824,29.95,No,Visual Stimulus,6.06,Focused
539,3,6,306024,2.751,0.756,3.535,9.078,1.38,24.35,No,Visual Stimulus,81.75,Relaxed
540,1,9,114003,4.523,4.378,3.718,9.13,3.579,31.41,No,Motor Imagery,4.3,Distracted
541,33,9,139392,4.639,5.177,2.201,5.477,1.536,6.34,No,Motor Imagery,13.74,Relaxed
542,40,7,49589,0.748,2.887,3.919,6.276,2.925,5.95,No,Resting,27.51,Distracted
543,10,3,250606,4.193,5.607,7.649,9.967,0.423,7.92,No,Cognitive Load,63.34,Fatigued
544,43,4,560185,0.67,3.747,6.878,3.339,2.405,20.31,No,Cognitive Load,97.64,Focused
545,44,6,189637,2.152,3.965,1.589,3.584,1.979,13.24,No,Resting,11.78,Fatigued
546,29,5,213893,2.94,5.15,0.723,2.236,3.914,39.45,No,Resting,14.27,Focused
547,13,2,70934,1.166,2.132,7.501,9.011,3.4,23.98,No,Motor Imagery,36.89,Distracted
548,12,6,580118,3.858,2.448,4.451,7.573,1.874,28.18,No,Resting,83.62,Distracted
549,31,3,267673,0.538,5.483,4.534,1.504,3.123,14.76,Yes,Resting,46.72,Relaxed
550,46,8,356742,1.259,5.455,6.355,9.827,0.853,16.26,Yes,Visual Stimulus,32.16,Distracted
551,2,2,82987,3.114,5.871,2.86,7.444,2.293,16.74,No,Resting,56.12,Distracted
552,50,1,573466,3.715,5.46,4.114,8.58,0.391,29.46,Yes,Resting,26.05,Relaxed
553,35,9,138009,4.625,1.201,7.765,0.957,1.458,21.58,No,Visual Stimulus,40.12,Relaxed
554,23,3,384096,3.675,5.03,5.541,5.297,0.981,23.12,No,Motor Imagery,33.26,Focused
555,17,1,564174,3.523,2.754,1.653,7.137,2.904,25.72,Yes,Motor Imagery,80.41,Distracted
556,26,7,573987,2.275,5.949,1.499,5.658,2.011,31.91,No,Resting,92.43,Relaxed
557,8,10,549567,0.506,3.098,2.032,6.833,3.029,8.16,Yes,Resting,75.96,Focused
558,29,5,431322,1.041,3.546,6.25,8.27,2.11,32.19,No,Cognitive Load,43.91,Focused
559,26,5,110776,2.905,3.414,2.715,4.056,0.437,24.71,No,Visual Stimulus,50.43,Fatigued
560,10,1,368444,3.538,2.27,0.66,8.562,2.968,28.42,No,Cognitive Load,12.51,Relaxed
561,26,9,113793,2.379,0.913,7.581,2.048,3.35,16.46,Yes,Resting,74.69,Fatigued
562,34,7,378422,3.788,5.426,1.773,3.073,3.624,19.33,No,Cognitive Load,59.65,Focused
563,41,8,210809,2.848,4.915,0.572,0.912,2.331,13.09,Yes,Cognitive Load,90.24,Distracted
564,7,9,171616,0.834,1.267,2.278,3.962,3.039,39.28,No,Motor Imagery,20.06,Relaxed
565,4,6,365391,1.364,4.772,2.263,4.109,3.033,22.4,No,Visual Stimulus,75.97,Relaxed
566,50,5,242262,4.28,3.942,3.665,8.15,0.707,39.86,No,Motor Imagery,68.47,Focused
567,45,6,533285,3.762,2.75,7.403,6.705,0.74,22.14,No,Motor Imagery,26.58,Relaxed
568,11,2,106102,4.526,1.897,7.094,4.649,0.376,12.69,No,Cognitive Load,66.74,Focused
569,29,4,378189,1.029,5.229,3.927,6.695,1.348,22.76,No,Visual Stimulus,92.44,Relaxed
570,36,3,565148,4.956,4.351,3.582,1.001,1.947,6.39,No,Resting,91.84,Relaxed
571,25,7,265369,1.442,3.513,4.663,2.213,3.992,36.67,Yes,Visual Stimulus,71.96,Distracted
572,21,9,522070,0.553,3.853,2.326,6.456,1.781,33.65,No,Motor Imagery,4.81,Focused
573,36,5,107041,4.988,1.001,0.891,6.593,2.932,30.4,No,Cognitive Load,87.23,Fatigued
574,10,6,374368,1.765,3.107,7.544,7.854,2.804,26.34,Yes,Resting,65.78,Distracted
575,37,10,325800,3.506,1.565,1.9,4.328,0.897,25.29,Yes,Motor Imagery,31.04,Focused
576,9,2,445096,1.295,1.646,1.988,7.364,0.328,39.89,No,Cognitive Load,18.73,Relaxed
577,24,3,481862,3.111,4.137,4.043,6.998,2.229,14.73,No,Motor Imagery,11.62,Focused
578,35,3,76290,4.568,5.512,4.187,9.652,2.831,32.29,No,Cognitive Load,5.02,Focused
579,49,9,56633,1.941,2.721,0.638,2.544,3.993,25.35,No,Visual Stimulus,75.41,Distracted
580,35,7,121118,3.516,1.643,1.61,5.741,1.499,39.16,No,Motor Imagery,23.58,Focused
581,48,8,3114,1.346,4.068,3.336,6.217,3.596,33.97,No,Visual Stimulus,2.43,Relaxed
582,36,10,49768,3.312,5.292,5.628,9.987,1.59,39.95,No,Visual Stimulus,39.73,Fatigued
583,18,9,310272,2.014,4.616,2.213,2.411,2.789,25.59,No,Cognitive Load,48.26,Fatigued
584,49,6,413244,1.45,5.278,3.673,5.471,2.433,12.16,No,Resting,16.92,Relaxed
585,39,4,83123,1.909,3.451,4.68,3.789,0.307,22.63,No,Visual Stimulus,4.4,Fatigued
586,32,1,166405,1.305,4.635,7.164,5.496,0.406,29.89,No,Motor Imagery,18.91,Distracted
587,24,8,3174,4.559,1.27,2.946,2.705,0.181,32.1,No,Motor Imagery,67.91,Focused
588,23,7,117769,2.287,2.416,1.502,0.952,1.546,5.02,Yes,Cognitive Load,8.22,Focused
589,32,2,297542,1.604,2.643,4.17,5.939,3.009,22.68,No,Visual Stimulus,55.5,Fatigued
590,37,8,429145,2.518,3.312,6.1,3.691,0.774,13.23,No,Resting,14.64,Fatigued
591,12,5,135393,1.942,5.61,1.324,2.228,2.463,35.62,Yes,Resting,19.57,Fatigued
592,49,7,385693,3.85,5.309,3.685,3.577,1.226,10.35,Yes,Motor Imagery,39.31,Distracted
593,13,4,186493,4.87,1.24,0.633,0.968,3.208,28.33,No,Cognitive Load,10.08,Focused
594,23,5,596923,2.471,1.45,0.752,9.529,3.214,14.31,No,Visual Stimulus,17.32,Focused
595,25,8,217070,4.375,2.467,4.122,6.021,3.124,17.48,No,Motor Imagery,34.9,Relaxed
596,35,1,399017,3.046,2.099,2.736,8.24,2.147,37.92,No,Cognitive Load,32.97,Relaxed
597,41,1,409291,1.208,3.881,6.838,4.52,1.21,13.42,No,Resting,74.93,Distracted
598,30,4,495671,3.608,5.465,5.016,9.081,3.257,8.33,No,Motor Imagery,7.48,Focused
599,17,3,369359,2.81,5.793,3.904,5.092,0.826,7.42,Yes,Cognitive Load,86.05,Focused
600,49,10,150056,3.428,4.095,3.56,5.952,1.23,22.66,Yes,Resting,81.62,Relaxed
601,20,2,143933,4.504,5.11,4.229,5.172,0.817,27.46,No,Cognitive Load,76.6,Relaxed
602,48,3,98970,2.482,3.389,0.803,7.466,2.729,16.46,No,Motor Imagery,30.94,Focused
603,25,1,82203,4.555,1.646,7.196,5.883,2.776,29.16,No,Visual Stimulus,82.29,Distracted
604,22,1,192319,3.878,3.386,7.987,3.08,2.645,7.14,No,Cognitive Load,18.28,Fatigued
605,13,6,200173,2.699,3.553,1.861,1.883,1.721,35.01,Yes,Visual Stimulus,12.44,Distracted
606,19,5,501946,3.214,4.584,1.403,6.258,0.491,33.58,No,Motor Imagery,4.5,Focused
607,49,8,443833,1.965,1.709,1.577,5.147,3.654,39.49,No,Resting,93.93,Fatigued
608,36,2,217726,4.926,2.526,5.458,1.412,2.08,37.78,No,Cognitive Load,30.8,Distracted
609,12,4,597190,3.503,2.502,5.461,4.258,1.687,17.47,No,Resting,91.76,Distracted
610,41,8,92172,0.697,5.777,6.859,5.39,2.396,18.97,No,Visual Stimulus,27.26,Focused
611,19,6,544344,1.97,2.942,6.139,8.355,0.852,31.11,No,Visual Stimulus,90.76,Relaxed
612,12,1,138454,3.305,4.653,3.873,1.223,0.617,9.69,No,Resting,90.39,Distracted
613,9,4,55739,0.753,4.629,5.096,3.811,1.682,15.99,Yes,Motor Imagery,92.37,Distracted
614,7,1,48639,0.607,1.96,5.662,8.315,0.986,9.15,Yes,Visual Stimulus,49.62,Relaxed
615,28,2,453054,2.525,3.645,4.346,6.66,1.053,20.92,Yes,Motor Imagery,86.59,Distracted
616,14,5,439257,1.997,5.419,4.067,3.255,3.581,24.32,No,Resting,95.08,Distracted
617,31,8,596682,2.472,3.114,5.338,8.531,2.17,12.39,No,Motor Imagery,32.46,Relaxed
618,19,8,329801,1.682,5.698,4.681,5.186,1.986,5.93,No,Visual Stimulus,41.89,Focused
619,47,3,182447,1.241,1.68,5.33,5.234,2.789,30.18,No,Resting,71.92,Focused
620,16,4,348586,3.601,0.908,5.096,9.778,3.811,5.7,No,Motor Imagery,30.04,Focused
621,5,10,380069,2.816,5.403,5.894,9.498,0.538,39.07,No,Motor Imagery,75.38,Fatigued
622,35,6,4136,1.401,5.162,5.321,3.906,3.351,12.76,Yes,Cognitive Load,7.39,Focused
623,12,10,61868,1.938,5.959,4.398,1.836,2.378,28.24,No,Visual Stimulus,52.35,Fatigued
624,25,3,344407,3.163,4.237,5.613,3.594,0.67,20.22,No,Cognitive Load,12.23,Fatigued
625,21,2,110957,0.825,5.652,3.871,0.79,1.259,7.09,No,Motor Imagery,29.33,Fatigued
626,36,6,539767,1.164,5.048,2.313,0.697,1.981,21.53,No,Visual Stimulus,25.86,Relaxed
627,23,5,119392,0.83,5.144,0.511,4.257,2.796,23.09,Yes,Resting,83.89,Fatigued
628,16,10,201528,4.155,3.63,4.7,9.44,1.046,34.91,No,Resting,19.35,Fatigued
629,39,5,234847,3.886,2.603,4.93,8.778,2.186,30.63,No,Resting,80.84,Relaxed
630,45,10,302039,3.89,5.64,7.79,5.359,2.77,7.78,No,Motor Imagery,79.4,Distracted
631,42,5,265864,3.723,2.877,3.211,5.87,1.85,12.32,No,Motor Imagery,49.89,Distracted
632,39,10,281411,3.512,3.464,3.456,0.556,3.466,15.92,No,Resting,23.38,Fatigued
633,14,5,146768,2.646,2.954,2.013,2.547,3.491,9.07,Yes,Cognitive Load,22.69,Focused
634,31,3,315508,3.39,3.607,1.029,0.735,1.936,20.99,Yes,Cognitive Load,46.49,Distracted
635,5,7,416561,0.673,3.088,6.296,7.668,3.894,39.45,No,Visual Stimulus,0.88,Focused
636,35,6,51567,3.297,0.764,2.373,1.884,0.395,23.01,Yes,Visual Stimulus,53.14,Relaxed
637,23,4,91229,4.0,5.351,5.067,8.756,0.113,30.97,No,Resting,95.28,Distracted
638,29,2,412601,2.752,2.944,5.658,6.612,1.585,28.9,No,Motor Imagery,15.47,Relaxed
639,43,9,476874,2.109,3.739,4.034,2.679,2.444,34.75,No,Motor Imagery,57.33,Fatigued
640,11,1,199316,1.748,1.266,7.073,1.998,2.554,12.55,No,Visual Stimulus,96.18,Distracted
641,18,4,163991,3.393,0.519,3.828,6.462,1.958,31.38,Yes,Resting,86.05,Fatigued
642,47,1,581484,3.618,1.849,2.637,9.058,0.587,35.85,No,Visual Stimulus,85.04,Fatigued
643,12,6,472617,4.419,4.375,7.22,7.324,0.765,11.0,No,Cognitive Load,82.18,Relaxed
644,9,4,33324,2.041,1.046,6.962,3.811,3.423,17.14,No,Resting,30.9,Distracted
645,10,5,394768,3.964,5.499,1.73,6.08,3.485,38.95,No,Resting,89.06,Distracted
646,44,5,51272,3.026,1.683,0.695,3.452,2.728,32.33,Yes,Resting,94.13,Distracted
647,17,9,429069,4.473,1.625,1.175,9.992,2.69,14.89,No,Cognitive Load,49.58,Fatigued
648,38,1,249264,2.875,1.498,2.649,7.614,2.431,24.74,No,Resting,35.46,Distracted
649,7,2,236538,2.829,0.577,7.792,6.337,0.891,19.15,No,Visual Stimulus,41.42,Focused
650,46,6,578963,3.1,4.745,4.689,4.521,1.77,22.15,No,Cognitive Load,33.42,Focused
651,13,5,515447,3.872,5.313,3.299,6.372,2.814,17.43,No,Motor Imagery,21.24,Fatigued
652,40,7,73591,4.841,3.878,7.165,3.745,2.195,14.78,Yes,Visual Stimulus,61.84,Relaxed
653,42,3,463406,0.831,1.535,3.899,0.774,0.172,28.62,No,Visual Stimulus,56.26,Focused
654,9,3,153706,0.74,2.069,2.864,4.253,3.819,32.25,No,Visual Stimulus,46.26,Relaxed
655,50,10,294507,4.719,3.118,7.559,9.34,3.395,35.59,No,Cognitive Load,9.58,Distracted
656,27,2,194824,2.884,5.749,6.871,6.45,1.116,10.44,No,Visual Stimulus,79.69,Focused
657,2,3,339148,3.267,1.86,6.828,1.298,2.504,33.8,Yes,Cognitive Load,17.49,Fatigued
658,5,10,113627,2.671,4.524,4.342,8.907,3.701,13.92,No,Resting,11.46,Fatigued
659,29,1,289014,0.921,2.917,6.421,3.054,0.474,19.96,No,Motor Imagery,62.31,Relaxed
660,37,5,37394,3.956,2.138,1.845,2.816,2.062,36.55,No,Resting,39.86,Fatigued
661,38,5,79795,3.863,3.008,4.799,3.322,1.879,20.91,No,Visual Stimulus,5.98,Relaxed
662,19,7,342553,1.903,0.892,7.879,5.983,1.7,11.9,No,Cognitive Load,35.56,Relaxed
663,8,4,42137,1.878,4.893,2.682,5.675,3.359,10.6,Yes,Cognitive Load,77.18,Focused
664,48,3,393369,4.27,1.838,6.458,5.168,1.585,21.55,No,Resting,61.52,Focused
665,45,1,138925,0.826,4.49,4.179,7.317,0.348,31.69,No,Visual Stimulus,36.28,Fatigued
666,1,8,536667,4.465,0.876,0.799,3.507,0.357,39.9,No,Motor Imagery,19.18,Relaxed
667,22,3,121169,1.655,5.753,6.223,7.93,0.267,32.56,No,Cognitive Load,63.18,Focused
668,17,2,169439,3.168,1.562,1.764,2.166,1.696,35.7,No,Cognitive Load,88.76,Distracted
669,7,4,149172,4.712,5.355,5.236,7.935,2.902,31.17,No,Visual Stimulus,64.63,Fatigued
670,25,3,375233,3.552,4.952,1.142,6.806,0.895,36.34,Yes,Cognitive Load,81.29,Fatigued
671,45,1,535337,2.365,5.823,7.602,6.99,2.621,7.67,No,Visual Stimulus,52.15,Distracted
672,4,3,394002,3.603,3.128,2.688,5.075,2.78,37.55,No,Visual Stimulus,71.8,Distracted
673,36,2,463120,2.048,4.501,2.198,6.837,1.095,18.87,No,Motor Imagery,89.62,Distracted
674,6,8,168112,1.748,2.539,1.469,1.258,2.442,37.26,No,Visual Stimulus,77.32,Focused
675,31,6,224062,4.985,1.514,7.595,8.59,2.771,7.65,No,Resting,90.99,Distracted
676,19,9,57986,3.879,2.937,5.839,1.028,1.92,30.03,Yes,Motor Imagery,43.11,Fatigued
677,44,8,431978,3.401,1.412,6.062,1.913,1.413,30.75,No,Visual Stimulus,90.42,Focused
678,39,10,356918,2.099,5.901,4.246,5.98,2.515,39.89,No,Visual Stimulus,62.16,Relaxed
679,27,3,105315,0.721,1.029,4.06,7.524,3.914,31.91,No,Motor Imagery,87.0,Distracted
680,10,5,319348,0.64,3.741,1.325,1.224,1.765,18.39,No,Cognitive Load,3.94,Fatigued
681,26,7,282229,2.994,3.946,4.699,9.247,1.628,24.5,No,Motor Imagery,65.79,Distracted
682,19,5,468013,3.929,3.459,2.352,9.749,1.911,17.83,Yes,Cognitive Load,84.8,Relaxed
683,39,8,225687,2.918,4.142,7.829,6.257,0.397,11.86,No,Motor Imagery,17.42,Focused
684,3,5,296124,4.284,1.139,6.474,5.072,2.257,13.7,No,Motor Imagery,66.18,Relaxed
685,45,1,145213,0.65,3.553,3.597,7.543,1.382,12.77,No,Resting,82.5,Focused
686,13,5,15896,2.15,2.08,1.635,3.619,0.574,24.21,Yes,Motor Imagery,28.79,Fatigued
687,50,4,89353,1.567,5.671,6.39,5.186,1.918,36.72,Yes,Resting,40.52,Fatigued
688,28,6,29813,2.513,4.691,1.415,9.203,0.113,36.95,Yes,Visual Stimulus,56.95,Fatigued
689,20,3,65679,0.826,5.849,1.92,9.579,1.667,6.92,No,Cognitive Load,51.92,Relaxed
690,28,5,397798,4.794,0.707,2.086,9.307,0.512,7.8,No,Cognitive Load,3.92,Distracted
691,8,2,209755,1.505,2.068,4.677,2.993,0.195,13.58,No,Resting,9.87,Distracted
692,41,6,273541,4.65,1.575,6.403,2.708,3.315,13.93,No,Cognitive Load,10.05,Relaxed
693,39,6,299155,2.417,0.561,2.857,3.328,3.673,8.32,No,Cognitive Load,26.23,Distracted
694,1,5,355398,4.935,1.833,1.135,4.692,0.91,18.6,No,Motor Imagery,24.59,Relaxed
695,3,6,437480,2.993,4.233,3.984,3.485,2.203,25.57,Yes,Resting,74.22,Distracted
696,13,7,566605,4.689,1.771,6.111,4.055,1.184,25.24,Yes,Cognitive Load,57.27,Focused
697,28,5,178986,0.524,3.3,2.162,6.396,2.025,24.02,No,Visual Stimulus,76.4,Fatigued
698,49,1,215705,3.867,5.383,2.149,7.744,1.803,16.85,No,Resting,6.99,Distracted
699,25,8,302240,4.564,4.316,7.604,7.488,1.149,29.73,No,Motor Imagery,48.52,Relaxed
700,33,4,315929,1.129,2.67,7.656,8.237,2.832,33.93,Yes,Visual Stimulus,32.38,Focused
701,38,9,52344,0.933,2.549,7.928,0.806,0.593,17.12,No,Cognitive Load,84.99,Distracted
702,6,10,475859,2.411,3.007,6.557,0.953,0.307,7.99,Yes,Cognitive Load,70.78,Distracted
703,44,6,458819,4.702,1.474,1.911,7.999,3.094,15.37,Yes,Resting,86.93,Relaxed
704,45,1,159484,2.941,3.987,2.09,5.564,2.697,9.81,No,Cognitive Load,4.64,Focused
705,32,3,110489,2.874,2.503,3.052,5.992,2.044,21.36,No,Resting,72.08,Fatigued
706,45,3,444874,1.135,5.188,2.886,1.0,1.924,10.46,No,Cognitive Load,54.0,Relaxed
707,47,10,493057,0.504,4.661,7.674,2.925,2.04,21.2,No,Visual Stimulus,82.5,Distracted
708,21,4,442765,4.146,3.858,6.418,6.564,1.804,12.74,No,Motor Imagery,50.72,Fatigued
709,16,6,11549,0.894,2.503,5.93,8.662,1.632,30.86,No,Visual Stimulus,54.02,Distracted
710,21,7,464432,3.352,1.655,1.895,9.211,2.049,5.96,No,Motor Imagery,5.18,Relaxed
711,11,10,25739,4.616,4.769,7.321,5.254,2.161,24.42,No,Resting,66.85,Focused
712,37,4,15116,1.439,3.175,6.709,5.682,2.798,10.93,Yes,Cognitive Load,27.31,Fatigued
713,36,6,544333,3.494,1.736,1.727,8.414,2.874,5.03,No,Visual Stimulus,1.97,Relaxed
714,35,1,35709,0.854,1.573,7.034,5.607,1.573,35.42,No,Cognitive Load,6.64,Relaxed
715,19,8,229167,3.217,1.41,2.542,5.41,1.713,28.5,Yes,Resting,95.73,Fatigued
716,20,7,305063,1.238,4.774,1.107,9.098,1.557,8.46,No,Motor Imagery,34.61,Focused
717,18,9,486121,3.812,1.759,5.426,8.004,2.192,28.24,Yes,Visual Stimulus,86.81,Distracted
718,47,3,219222,1.856,3.397,5.404,9.136,1.868,26.41,No,Motor Imagery,95.97,Fatigued
719,41,2,529787,2.585,2.984,1.212,2.573,3.569,21.57,No,Motor Imagery,94.33,Relaxed
720,49,1,563329,3.197,3.688,2.891,5.482,2.816,19.67,No,Resting,88.17,Fatigued
721,14,3,293459,1.271,5.324,7.946,8.503,3.605,36.05,Yes,Motor Imagery,89.48,Fatigued
722,15,5,132371,3.837,5.273,5.588,1.556,2.866,13.58,No,Resting,28.9,Focused
723,31,2,382650,1.862,2.981,5.976,8.049,3.887,18.94,No,Motor Imagery,15.15,Focused
724,1,3,212235,3.481,0.585,2.097,2.238,2.579,16.52,Yes,Motor Imagery,63.93,Distracted
725,3,4,353791,1.212,2.845,1.091,8.177,3.858,31.99,No,Visual Stimulus,48.81,Fatigued
726,16,7,294499,3.597,3.834,2.577,6.314,0.717,37.08,No,Resting,9.87,Focused
727,23,3,335949,1.077,3.568,2.367,2.336,0.305,34.74,No,Cognitive Load,67.75,Focused
728,11,9,330511,2.414,4.082,2.259,4.997,2.359,32.92,Yes,Cognitive Load,56.29,Relaxed
729,12,8,372050,1.612,1.347,1.946,6.978,3.936,39.54,No,Cognitive Load,86.31,Focused
730,10,4,379553,3.868,4.056,4.811,6.522,1.729,29.4,Yes,Visual Stimulus,60.92,Fatigued
731,32,1,116220,1.679,1.505,2.961,4.559,0.927,31.29,No,Visual Stimulus,57.39,Fatigued
732,16,1,221421,4.468,4.628,6.653,9.044,2.134,39.4,No,Motor Imagery,44.08,Relaxed
733,8,1,349317,4.513,2.365,1.88,5.433,2.63,5.24,No,Motor Imagery,46.28,Relaxed
734,38,1,3089,1.384,4.404,3.985,5.306,1.329,27.19,Yes,Cognitive Load,95.44,Relaxed
735,12,8,282803,3.262,0.763,0.602,1.091,2.888,30.86,No,Motor Imagery,13.84,Fatigued
736,24,3,307322,0.895,2.743,4.113,9.26,3.903,37.12,No,Motor Imagery,44.62,Fatigued
737,28,6,513269,2.262,4.378,0.919,2.183,3.598,35.93,No,Visual Stimulus,65.58,Distracted
738,8,3,347186,3.71,1.748,7.833,5.519,1.237,34.47,No,Cognitive Load,43.3,Focused
739,28,5,368615,3.467,4.874,6.429,8.134,1.374,38.1,No,Resting,28.32,Relaxed
740,36,7,201798,3.311,3.969,4.176,2.547,1.549,23.81,No,Cognitive Load,28.74,Focused
741,26,2,332255,1.771,3.732,1.149,5.51,1.639,5.24,Yes,Visual Stimulus,23.37,Focused
742,8,6,237103,2.201,2.445,4.943,2.787,0.491,5.39,No,Cognitive Load,34.39,Distracted
743,50,6,89242,0.963,3.153,6.191,7.717,3.072,24.06,No,Resting,87.17,Fatigued
744,28,3,375348,3.736,3.785,1.93,5.861,1.525,20.23,No,Motor Imagery,50.52,Focused
745,28,6,153956,2.767,3.099,4.762,8.632,3.531,20.79,No,Cognitive Load,24.02,Relaxed
746,37,10,584326,3.689,4.341,6.607,8.998,3.715,19.01,No,Visual Stimulus,38.45,Relaxed
747,41,10,582074,1.62,2.885,6.262,6.663,0.195,37.12,No,Visual Stimulus,10.58,Fatigued
748,36,5,165250,1.96,1.613,6.522,7.391,3.955,17.57,No,Cognitive Load,90.4,Fatigued
749,27,2,522820,2.004,1.677,7.095,5.718,2.869,34.97,No,Motor Imagery,40.82,Fatigued
750,17,9,262678,0.616,0.532,7.533,4.152,2.13,36.6,Yes,Motor Imagery,98.04,Relaxed
751,9,8,298254,2.035,2.155,3.541,6.657,1.619,22.48,No,Visual Stimulus,34.75,Fatigued
752,33,3,415685,4.115,4.619,4.766,9.129,2.122,20.64,No,Visual Stimulus,83.64,Distracted
753,20,8,326160,4.538,4.868,6.43,4.458,1.366,31.64,No,Resting,25.64,Distracted
754,13,9,46233,2.832,1.614,5.729,3.487,2.528,29.78,No,Motor Imagery,7.62,Relaxed
755,28,3,197780,2.55,5.775,7.966,4.19,0.463,16.5,No,Cognitive Load,3.17,Distracted
756,48,3,451448,0.639,3.263,0.603,4.636,2.522,8.59,No,Visual Stimulus,60.62,Focused
757,29,2,106311,4.456,5.543,3.163,1.199,1.174,14.27,Yes,Visual Stimulus,31.16,Fatigued
758,13,8,558697,0.559,4.387,2.608,5.235,0.169,9.59,No,Visual Stimulus,44.35,Distracted
759,46,10,401954,4.751,4.473,2.467,5.196,2.256,15.32,Yes,Visual Stimulus,81.86,Fatigued
760,35,1,496246,2.701,0.968,2.169,6.09,2.356,14.16,No,Motor Imagery,24.81,Distracted
761,6,8,29709,2.039,1.71,5.818,3.947,1.764,27.32,Yes,Visual Stimulus,30.87,Fatigued
762,18,7,363,4.659,0.548,1.136,6.325,0.382,38.41,No,Motor Imagery,84.53,Relaxed
763,5,7,494829,0.61,4.439,6.062,8.843,3.584,29.0,No,Resting,49.28,Focused
764,47,3,396456,3.116,2.394,5.701,9.577,2.485,37.43,No,Resting,82.77,Fatigued
765,25,1,465417,2.97,4.827,2.381,6.044,0.551,32.44,No,Cognitive Load,37.45,Focused
766,2,4,45689,1.487,2.364,2.396,0.905,2.093,30.48,No,Visual Stimulus,39.84,Fatigued
767,10,9,264080,2.43,5.006,5.216,9.708,2.039,19.49,No,Cognitive Load,16.71,Relaxed
768,30,5,175037,3.435,1.219,6.216,7.206,0.336,16.37,No,Motor Imagery,91.63,Focused
769,50,1,208606,3.772,1.454,7.074,3.692,2.467,34.62,No,Cognitive Load,89.68,Distracted
770,45,5,882,0.503,2.375,6.891,1.898,3.252,36.69,No,Cognitive Load,98.42,Focused
771,5,8,413440,4.716,2.747,7.737,1.862,3.021,20.82,No,Visual Stimulus,40.24,Fatigued
772,33,8,125865,1.24,2.418,4.86,2.094,0.892,5.32,No,Motor Imagery,81.86,Focused
773,1,5,424041,1.551,4.7,7.315,0.933,3.463,32.74,No,Motor Imagery,41.5,Relaxed
774,18,9,463956,1.686,1.033,6.564,9.07,1.436,14.98,No,Visual Stimulus,45.43,Focused
775,32,1,28885,0.67,2.432,7.21,5.637,3.791,5.35,No,Motor Imagery,83.0,Focused
776,47,4,396419,1.054,5.105,0.587,7.15,0.38,33.17,No,Resting,17.74,Focused
777,49,3,395460,4.939,0.867,7.744,8.367,1.996,23.11,No,Visual Stimulus,22.03,Distracted
778,11,2,360466,1.918,5.683,4.051,8.02,2.429,28.98,No,Visual Stimulus,31.47,Focused
779,21,8,330763,1.019,5.925,6.486,8.885,1.066,37.01,No,Visual Stimulus,78.82,Fatigued
780,26,7,21584,0.981,0.987,1.454,9.689,3.108,23.94,No,Resting,37.27,Fatigued
781,25,9,553351,3.738,2.102,3.47,4.671,2.545,22.61,No,Motor Imagery,35.82,Focused
782,22,2,70268,4.346,2.548,2.536,9.528,0.171,15.17,Yes,Resting,99.88,Focused
783,27,4,380350,1.656,4.77,2.687,7.371,2.473,15.68,No,Resting,38.38,Distracted
784,49,6,458168,0.594,3.778,1.424,1.171,2.017,32.88,No,Resting,24.78,Relaxed
785,13,3,170635,1.504,4.044,6.543,6.977,0.865,20.72,No,Cognitive Load,62.32,Fatigued
786,33,8,170824,0.754,4.666,0.569,7.024,3.983,10.72,No,Motor Imagery,80.19,Distracted
787,34,3,395783,0.965,1.149,2.844,9.106,3.599,8.31,No,Motor Imagery,6.96,Fatigued
788,41,2,409337,2.442,5.083,1.808,4.043,1.241,21.55,No,Visual Stimulus,61.89,Fatigued
789,35,3,109876,1.535,4.381,4.918,6.057,2.21,21.27,No,Visual Stimulus,3.57,Focused
790,1,6,198153,2.822,3.675,2.407,0.616,1.334,27.87,No,Cognitive Load,52.63,Fatigued
791,21,2,23331,1.641,5.394,2.442,3.655,3.124,21.49,No,Resting,25.7,Relaxed
792,48,8,23004,4.732,4.352,4.163,1.091,3.728,10.02,Yes,Visual Stimulus,30.66,Relaxed
793,6,1,238441,4.577,1.609,5.395,5.458,1.499,22.77,No,Motor Imagery,46.71,Relaxed
794,28,7,403708,3.051,2.864,1.41,8.266,3.242,36.74,No,Visual Stimulus,92.71,Distracted
795,17,2,448013,2.095,3.217,1.816,2.461,2.044,10.58,No,Resting,71.07,Relaxed
796,5,10,189167,2.215,0.804,2.354,5.511,1.647,29.14,No,Cognitive Load,93.68,Relaxed
797,31,6,282260,2.353,5.751,7.803,2.438,3.76,25.79,No,Resting,66.0,Fatigued
798,5,2,542955,3.774,1.207,3.479,1.647,2.091,31.2,Yes,Visual Stimulus,0.71,Distracted
799,38,2,337201,2.532,4.336,4.992,5.354,1.923,10.27,No,Cognitive Load,26.56,Focused
800,3,10,598493,4.355,3.284,2.312,1.252,2.722,37.96,No,Cognitive Load,90.58,Distracted
801,23,8,27302,4.748,0.641,4.178,6.08,1.119,26.73,No,Resting,64.34,Distracted
802,37,2,404499,2.012,5.586,1.056,0.798,1.367,34.65,No,Visual Stimulus,98.16,Focused
803,37,7,162007,3.023,5.185,0.761,1.514,3.735,13.63,No,Resting,15.6,Focused
804,10,3,596822,0.928,3.383,4.016,5.725,2.746,30.88,No,Visual Stimulus,29.67,Focused
805,10,8,162696,1.402,1.759,3.49,6.118,3.324,32.34,No,Visual Stimulus,36.24,Fatigued
806,19,7,13440,2.361,1.169,1.527,0.775,1.157,18.91,No,Motor Imagery,32.66,Fatigued
807,17,8,373145,1.428,2.499,5.657,5.947,2.221,18.44,No,Cognitive Load,25.2,Fatigued
808,21,7,308645,4.445,1.905,7.947,8.466,3.888,28.02,Yes,Visual Stimulus,44.35,Relaxed
809,14,6,394485,1.212,3.287,3.467,7.362,1.343,8.27,No,Resting,64.23,Focused
810,9,7,340053,2.55,5.815,5.184,1.746,0.726,30.75,Yes,Resting,31.13,Fatigued
811,46,5,540022,3.226,3.662,7.722,6.129,2.092,6.5,No,Motor Imagery,7.97,Fatigued
812,1,7,172409,3.613,5.395,6.737,6.886,1.613,11.67,No,Motor Imagery,70.85,Distracted
813,45,1,433541,2.224,4.08,3.977,0.854,0.722,28.25,No,Motor Imagery,45.9,Fatigued
814,13,1,345744,4.411,3.114,6.031,8.626,3.565,8.44,No,Cognitive Load,55.65,Focused
815,4,9,507173,3.057,5.2,1.461,9.11,3.964,39.01,No,Motor Imagery,45.54,Focused
816,1,5,211655,2.478,3.093,4.341,8.579,2.317,35.39,No,Cognitive Load,89.04,Relaxed
817,49,5,466836,0.803,5.277,2.593,8.334,3.121,26.92,No,Motor Imagery,55.87,Relaxed
818,40,3,432184,2.591,2.104,1.709,7.577,3.45,33.67,Yes,Cognitive Load,92.33,Distracted
819,32,5,161149,4.193,1.208,3.697,6.518,2.834,36.07,No,Visual Stimulus,51.06,Relaxed
820,34,3,239654,3.265,5.204,1.483,6.947,0.272,14.08,No,Motor Imagery,29.26,Focused
821,28,9,427991,4.245,3.731,5.742,8.161,0.715,34.73,No,Cognitive Load,35.54,Relaxed
822,31,9,189216,2.723,5.39,3.922,6.794,0.377,11.82,Yes,Visual Stimulus,52.21,Relaxed
823,8,6,177169,1.033,5.658,4.484,3.613,0.139,19.47,No,Motor Imagery,53.0,Fatigued
824,39,1,131827,0.561,0.795,1.598,4.072,1.293,24.54,No,Visual Stimulus,68.73,Focused
825,26,7,301407,1.864,3.255,1.548,9.022,1.63,29.99,No,Motor Imagery,22.45,Distracted
826,34,7,317231,3.641,2.562,4.876,0.663,1.04,6.05,No,Resting,65.88,Relaxed
827,3,10,575770,4.056,3.942,7.888,7.139,0.352,15.17,No,Cognitive Load,77.86,Relaxed
828,50,10,122989,1.831,4.865,1.222,9.57,2.166,26.3,No,Resting,67.66,Distracted
829,12,4,410616,2.73,2.043,2.643,7.209,1.166,17.51,No,Cognitive Load,48.18,Distracted
830,1,8,276393,2.395,3.562,7.021,9.942,3.205,32.13,No,Resting,99.17,Focused
831,44,6,299850,2.347,4.398,1.042,7.032,0.131,27.81,No,Motor Imagery,40.48,Distracted
832,5,4,361185,1.541,1.239,7.069,0.826,3.386,13.2,No,Resting,10.66,Relaxed
833,30,4,41139,1.114,4.977,4.432,8.357,3.824,10.11,No,Motor Imagery,82.15,Focused
834,30,2,303446,1.385,3.834,3.562,3.204,2.893,27.02,No,Cognitive Load,21.22,Focused
835,17,2,225756,0.749,5.722,2.823,4.738,2.961,20.77,No,Motor Imagery,71.33,Distracted
836,48,4,349982,1.392,2.367,2.728,3.465,3.741,10.91,Yes,Resting,17.9,Focused
837,47,5,351136,0.541,1.095,2.794,3.051,0.915,16.42,No,Visual Stimulus,1.69,Relaxed
838,23,8,548065,3.323,3.286,7.136,4.598,3.979,15.61,Yes,Cognitive Load,15.98,Relaxed
839,15,6,57939,1.924,0.972,5.928,4.098,3.117,8.78,No,Visual Stimulus,37.7,Relaxed
840,37,4,446242,4.879,5.832,5.523,6.517,2.934,24.14,Yes,Visual Stimulus,10.66,Focused
841,21,7,23548,1.372,0.713,6.491,8.225,1.508,31.73,Yes,Visual Stimulus,19.77,Distracted
842,14,8,456437,2.056,4.644,2.428,3.322,2.229,25.14,No,Visual Stimulus,76.46,Relaxed
843,2,2,433917,2.11,3.388,5.135,2.53,2.65,33.92,No,Visual Stimulus,76.99,Fatigued
844,11,7,444503,0.538,2.527,3.95,6.836,2.519,9.46,No,Resting,81.75,Distracted
845,39,2,137799,4.276,0.862,6.368,6.868,2.849,20.25,No,Motor Imagery,84.12,Focused
846,38,2,181789,0.644,3.922,2.819,9.061,0.421,26.33,No,Motor Imagery,42.04,Relaxed
847,34,8,425643,4.731,3.719,5.324,0.651,1.487,28.66,No,Visual Stimulus,86.75,Focused
848,38,2,555913,4.514,2.045,7.117,8.604,1.793,29.35,No,Resting,52.59,Relaxed
849,50,9,434352,2.91,5.506,3.516,5.45,1.116,30.51,No,Visual Stimulus,47.06,Focused
850,34,1,445625,2.946,2.173,1.0,6.402,0.773,27.8,Yes,Visual Stimulus,71.85,Fatigued
851,18,9,347299,3.442,2.973,4.37,1.368,0.642,8.3,No,Cognitive Load,21.38,Focused
852,30,1,111776,2.242,3.491,3.095,4.61,1.529,29.34,No,Resting,78.95,Focused
853,15,10,513624,3.413,1.051,5.542,2.659,2.024,30.37,No,Visual Stimulus,42.95,Focused
854,27,10,212803,0.701,5.627,7.633,2.915,0.346,39.77,No,Motor Imagery,12.73,Relaxed
855,34,2,158761,0.743,2.56,4.142,5.289,3.791,29.27,No,Cognitive Load,11.93,Distracted
856,38,6,497873,2.558,0.944,3.996,8.218,3.084,29.04,No,Visual Stimulus,16.49,Focused
857,33,6,357092,2.973,2.63,5.409,7.566,2.95,23.02,No,Visual Stimulus,89.06,Distracted
858,24,1,21341,4.495,3.801,1.276,6.114,0.774,35.38,Yes,Visual Stimulus,99.09,Relaxed
859,15,7,359698,0.971,3.325,2.401,5.624,2.455,39.89,No,Resting,35.7,Focused
860,30,8,205753,4.202,4.32,7.392,4.559,2.166,32.27,No,Visual Stimulus,29.21,Relaxed
861,42,2,308474,1.445,0.805,5.525,9.741,3.932,26.44,No,Motor Imagery,21.88,Distracted
862,17,8,349903,2.273,2.065,0.601,5.822,3.016,7.76,No,Cognitive Load,82.38,Relaxed
863,5,9,348951,1.925,5.006,2.035,2.913,2.345,30.44,Yes,Resting,20.92,Relaxed
864,29,6,309044,2.301,0.939,5.621,2.686,3.418,29.8,No,Cognitive Load,92.41,Distracted
865,4,5,78840,1.177,5.205,6.233,6.308,0.705,32.14,No,Motor Imagery,66.74,Relaxed
866,10,9,165767,2.766,1.005,6.799,5.467,0.159,9.36,No,Visual Stimulus,89.71,Distracted
867,17,9,161297,4.107,5.089,2.691,0.573,2.792,27.88,No,Resting,55.4,Distracted
868,10,1,49156,2.487,2.484,7.483,8.386,0.483,15.35,No,Visual Stimulus,69.07,Focused
869,17,3,208281,2.708,3.867,4.647,7.189,0.55,31.61,Yes,Resting,61.95,Focused
870,20,9,87453,4.319,1.341,5.724,6.787,3.004,13.41,No,Visual Stimulus,83.12,Relaxed
871,24,2,25938,3.677,0.864,4.976,1.153,1.155,28.94,No,Motor Imagery,83.59,Relaxed
872,5,4,59164,2.707,1.688,1.421,3.94,2.552,15.32,No,Motor Imagery,58.98,Relaxed
873,34,4,447746,1.66,1.203,7.723,9.386,3.678,5.31,Yes,Visual Stimulus,63.25,Fatigued
874,6,2,584570,4.482,2.218,1.422,8.695,1.334,27.17,Yes,Motor Imagery,92.19,Fatigued
875,2,3,309945,3.097,3.329,2.412,3.213,0.947,8.96,No,Visual Stimulus,92.99,Focused
876,13,3,402681,1.495,3.738,6.602,1.992,0.516,28.08,No,Resting,66.42,Distracted
877,43,1,265470,1.711,4.844,5.139,4.766,0.609,37.4,No,Motor Imagery,0.78,Fatigued
878,43,6,115819,4.114,4.109,6.786,3.88,0.343,38.92,Yes,Resting,10.44,Fatigued
879,48,8,266907,0.699,3.848,4.368,6.981,0.442,13.26,No,Visual Stimulus,85.79,Distracted
880,11,3,481873,4.964,2.765,3.327,9.681,1.785,33.32,Yes,Resting,8.47,Relaxed
881,47,5,141900,1.087,3.106,7.414,3.949,1.351,17.37,No,Cognitive Load,21.35,Relaxed
882,23,1,309732,4.082,2.78,0.772,1.091,2.856,36.52,No,Visual Stimulus,23.05,Fatigued
883,16,10,404427,2.276,5.132,6.921,9.027,3.494,32.56,No,Motor Imagery,60.02,Fatigued
884,31,7,537857,2.715,1.765,2.231,0.861,3.161,7.59,No,Motor Imagery,57.66,Distracted
885,11,10,227966,4.463,0.531,6.866,9.551,2.169,19.25,No,Cognitive Load,28.94,Distracted
886,16,1,37860,2.358,4.082,1.544,6.814,0.5,16.81,Yes,Visual Stimulus,20.76,Fatigued
887,8,9,202630,2.919,1.614,4.852,9.446,2.868,32.48,Yes,Visual Stimulus,76.45,Distracted
888,4,8,523225,0.722,5.396,7.161,2.397,1.515,19.36,No,Visual Stimulus,93.55,Relaxed
889,40,7,595983,0.511,5.225,4.052,0.887,0.434,28.96,No,Visual Stimulus,5.28,Focused
890,4,10,253078,1.602,0.922,6.099,5.138,3.386,26.09,No,Resting,13.32,Fatigued
891,25,7,368893,3.563,1.085,6.535,4.781,1.419,39.15,No,Visual Stimulus,64.22,Focused
892,3,5,155976,1.046,3.223,6.024,3.649,0.951,37.82,No,Resting,80.44,Distracted
893,32,5,5636,1.012,3.851,7.44,9.598,3.499,19.97,No,Resting,79.12,Focused
894,3,5,261578,2.349,2.012,3.851,8.315,3.618,30.33,No,Motor Imagery,71.97,Fatigued
895,27,1,339273,3.415,4.442,1.798,6.785,1.422,34.03,No,Visual Stimulus,88.74,Distracted
896,29,8,283816,3.704,3.772,0.859,2.047,1.484,36.46,No,Resting,21.73,Focused
897,32,1,227693,1.303,2.287,2.348,7.476,2.361,7.38,No,Visual Stimulus,10.73,Relaxed
898,50,4,521393,0.858,0.64,1.574,7.407,2.96,15.57,Yes,Cognitive Load,61.54,Fatigued
899,19,9,654,4.732,4.626,4.685,4.538,0.346,16.21,No,Resting,82.23,Fatigued
900,21,9,578921,1.673,1.681,1.887,9.285,2.414,20.21,Yes,Motor Imagery,58.2,Fatigued
901,5,5,17143,4.34,5.09,0.792,2.086,3.816,10.92,No,Visual Stimulus,96.3,Fatigued
902,18,4,580222,4.386,2.812,0.77,3.04,1.122,22.37,No,Motor Imagery,79.56,Distracted
903,28,3,329478,3.976,3.674,6.737,1.101,3.644,28.21,No,Resting,70.08,Relaxed
904,42,3,125851,1.26,5.301,4.936,8.057,3.806,22.41,No,Resting,6.03,Relaxed
905,22,5,553375,4.198,5.25,3.186,6.407,1.15,28.3,No,Motor Imagery,10.77,Focused
906,21,10,311011,3.962,2.543,7.207,3.492,3.041,7.33,No,Visual Stimulus,78.48,Fatigued
907,6,1,444244,3.185,1.649,1.026,2.056,1.031,35.66,Yes,Resting,19.82,Fatigued
908,1,5,158272,2.017,4.763,7.852,0.881,2.977,37.87,No,Cognitive Load,2.88,Focused
909,5,6,226179,1.681,2.882,5.122,2.084,3.21,26.63,No,Motor Imagery,91.08,Distracted
910,41,7,502716,1.049,1.556,1.876,4.806,1.064,35.85,No,Resting,89.08,Relaxed
911,12,9,217508,2.794,5.474,5.593,2.848,2.892,9.6,No,Visual Stimulus,21.85,Fatigued
912,26,3,350036,3.134,1.59,6.225,2.96,3.267,32.91,No,Resting,78.02,Focused
913,46,2,219631,2.117,0.642,3.72,8.818,1.498,9.17,No,Visual Stimulus,4.8,Relaxed
914,34,3,382188,2.639,0.612,6.962,5.394,0.754,19.28,Yes,Visual Stimulus,28.51,Focused
915,49,9,39148,2.136,3.923,1.63,7.428,0.459,16.33,No,Resting,62.37,Focused
916,14,7,151770,3.385,4.139,2.591,0.839,2.344,25.5,No,Cognitive Load,76.32,Distracted
917,26,9,435686,4.556,2.211,1.201,3.969,3.915,15.55,No,Visual Stimulus,1.04,Relaxed
918,45,2,485287,1.238,2.26,2.082,5.052,3.31,27.31,No,Motor Imagery,32.62,Fatigued
919,27,5,295901,2.216,2.367,2.29,2.271,1.8,17.86,No,Visual Stimulus,21.43,Relaxed
920,9,4,78012,1.134,4.241,7.382,1.642,2.193,35.13,No,Visual Stimulus,99.88,Distracted
921,26,2,56116,3.312,0.82,1.086,8.768,1.19,27.19,No,Cognitive Load,67.1,Fatigued
922,47,9,144233,3.78,5.61,3.706,9.425,0.736,12.54,No,Visual Stimulus,40.57,Relaxed
923,22,9,32152,4.694,1.724,4.493,1.249,1.98,16.76,Yes,Resting,7.57,Distracted
924,47,6,106379,1.755,5.998,7.24,3.816,1.908,34.66,No,Cognitive Load,59.87,Fatigued
925,30,6,226905,4.776,1.443,7.983,9.604,2.136,18.53,No,Visual Stimulus,64.17,Fatigued
926,43,8,20836,0.785,4.744,6.15,1.29,3.816,23.75,No,Resting,81.64,Focused
927,48,6,221439,3.214,1.729,7.781,6.615,2.455,27.71,Yes,Resting,28.86,Focused
928,17,1,186720,0.757,0.945,6.403,9.736,2.463,17.17,No,Visual Stimulus,98.14,Distracted
929,26,4,157403,4.522,5.312,7.724,9.793,0.599,15.29,No,Motor Imagery,43.95,Fatigued
930,36,7,141835,2.884,5.223,5.805,4.977,3.986,21.63,No,Motor Imagery,29.59,Relaxed
931,1,2,150259,3.512,2.72,1.098,2.046,3.114,12.52,No,Visual Stimulus,34.84,Fatigued
932,8,9,143029,4.242,4.363,3.514,2.42,3.521,14.95,No,Visual Stimulus,51.96,Distracted
933,49,8,397595,1.176,3.564,5.349,8.951,1.716,7.17,No,Resting,93.67,Relaxed
934,35,8,394093,0.674,5.191,3.13,9.161,2.058,15.64,No,Visual Stimulus,73.52,Fatigued
935,15,7,345452,4.455,2.233,2.55,6.275,2.136,16.22,No,Visual Stimulus,57.71,Relaxed
936,47,4,444783,1.917,3.38,4.83,7.779,0.857,38.66,No,Resting,16.28,Focused
937,22,2,320057,1.08,3.17,7.501,7.529,2.789,25.64,No,Visual Stimulus,14.94,Relaxed
938,14,3,526925,2.608,2.446,0.762,6.787,3.622,32.56,No,Visual Stimulus,50.22,Focused
939,26,6,465994,3.192,5.403,6.269,8.359,0.738,6.59,Yes,Visual Stimulus,72.87,Relaxed
940,28,5,361652,0.639,1.412,5.92,7.011,0.437,8.73,No,Resting,75.1,Focused
941,23,8,290886,1.737,1.322,7.73,5.573,2.979,33.51,Yes,Visual Stimulus,22.59,Distracted
942,14,6,536119,0.648,3.673,7.48,2.751,1.165,26.82,No,Motor Imagery,10.01,Relaxed
943,24,6,113768,2.392,4.116,6.217,7.567,2.533,11.68,No,Visual Stimulus,38.45,Fatigued
944,2,1,347236,4.528,1.57,4.403,4.998,2.813,19.17,No,Motor Imagery,91.82,Distracted
945,45,4,88741,4.922,2.649,2.032,3.301,1.355,23.85,No,Visual Stimulus,54.54,Distracted
946,26,5,18830,3.367,5.706,4.589,8.118,3.279,34.53,No,Resting,32.01,Relaxed
947,14,3,317188,1.227,1.856,6.24,7.119,2.245,7.11,No,Motor Imagery,32.36,Distracted
948,7,9,69202,4.576,4.176,7.218,9.405,3.489,25.89,No,Visual Stimulus,13.21,Focused
949,3,1,299189,2.823,4.571,6.423,2.072,3.077,30.1,No,Visual Stimulus,47.32,Focused
950,47,6,217394,1.192,2.965,1.965,6.667,3.487,39.23,No,Visual Stimulus,79.14,Relaxed
951,23,6,510473,4.648,5.656,4.998,2.82,0.179,33.25,No,Visual Stimulus,96.86,Distracted
952,46,10,202123,3.909,4.552,2.991,9.084,1.05,14.67,No,Resting,50.16,Fatigued
953,43,5,157699,3.793,3.019,0.569,1.445,0.451,29.84,No,Cognitive Load,16.72,Relaxed
954,47,5,277342,3.691,3.631,2.002,6.734,1.824,31.71,No,Motor Imagery,68.3,Relaxed
955,45,10,504655,1.402,4.309,1.349,8.015,3.571,30.54,No,Visual Stimulus,75.68,Distracted
956,18,5,236824,1.45,3.757,6.82,3.872,1.923,33.71,No,Resting,7.17,Focused
957,38,6,512214,3.597,5.333,2.439,9.564,3.414,36.63,Yes,Cognitive Load,85.01,Distracted
958,35,8,19403,1.489,2.463,2.635,8.582,1.376,8.45,No,Resting,82.93,Fatigued
959,15,2,3681,2.474,2.149,7.7,3.299,1.424,8.67,No,Visual Stimulus,47.25,Fatigued
960,25,6,353699,4.019,1.676,3.343,0.572,3.593,32.87,No,Cognitive Load,56.04,Fatigued
961,37,1,398845,4.028,0.708,0.572,3.318,1.761,13.83,No,Motor Imagery,71.34,Fatigued
962,28,4,93246,2.54,0.737,2.629,3.172,3.18,7.05,No,Motor Imagery,67.67,Relaxed
963,10,10,95864,4.065,5.285,1.395,8.955,1.023,19.04,No,Resting,1.65,Fatigued
964,39,3,208886,4.274,4.231,1.271,9.688,3.8,33.7,Yes,Motor Imagery,12.24,Fatigued
965,17,9,270561,3.446,4.133,1.081,1.169,2.341,9.43,No,Motor Imagery,16.26,Fatigued
966,39,3,381032,1.528,3.881,4.949,4.977,3.061,28.51,No,Cognitive Load,75.57,Distracted
967,22,6,165837,1.733,5.171,1.92,5.709,0.449,5.13,No,Motor Imagery,44.01,Focused
968,26,1,245160,1.917,3.141,3.209,1.383,2.021,8.84,No,Cognitive Load,54.55,Focused
969,44,6,187646,1.026,5.287,6.965,4.086,3.614,17.28,Yes,Cognitive Load,77.27,Focused
970,25,4,483761,1.729,2.477,3.683,3.512,3.52,7.93,No,Cognitive Load,34.1,Fatigued
971,17,8,256681,1.443,5.597,7.368,5.593,0.283,34.61,No,Motor Imagery,74.89,Distracted
972,13,9,465483,2.549,4.343,4.235,6.781,1.284,35.24,No,Resting,44.23,Relaxed
973,20,4,535620,4.588,1.914,3.491,7.183,1.829,31.44,No,Resting,37.72,Distracted
974,25,10,220326,0.97,3.602,6.128,1.799,0.772,13.49,No,Motor Imagery,33.3,Relaxed
975,4,10,261849,3.741,3.432,1.049,8.223,2.947,23.31,Yes,Cognitive Load,96.49,Distracted
976,10,6,319248,3.593,1.258,1.171,6.946,0.82,11.45,No,Motor Imagery,77.2,Focused
977,3,1,346479,0.931,3.752,5.39,8.946,1.452,14.84,No,Visual Stimulus,2.02,Focused
978,41,4,377082,4.652,2.231,4.152,4.769,2.687,23.06,No,Resting,95.74,Fatigued
979,45,7,80730,3.058,0.788,6.428,8.992,1.98,30.73,No,Cognitive Load,77.54,Focused
980,18,1,398167,2.137,5.718,7.372,8.725,2.98,8.31,No,Motor Imagery,14.92,Focused
981,47,8,237474,3.904,4.028,3.413,4.665,3.849,15.38,Yes,Cognitive Load,7.63,Focused
982,36,10,290477,1.658,5.323,4.973,4.121,0.555,37.43,No,Visual Stimulus,30.82,Distracted
983,47,6,283817,3.621,4.218,4.255,9.362,2.867,20.02,Yes,Cognitive Load,62.42,Focused
984,22,5,565158,0.679,2.463,7.862,7.294,0.998,37.86,Yes,Visual Stimulus,61.65,Relaxed
985,34,10,253017,4.277,3.32,6.733,9.318,1.716,39.7,No,Resting,27.59,Fatigued
986,47,9,333245,2.517,4.217,7.338,8.071,0.228,23.43,No,Cognitive Load,44.57,Distracted
987,8,2,25494,3.365,5.781,2.408,6.288,0.63,15.08,Yes,Motor Imagery,21.19,Relaxed
988,40,5,388227,1.496,1.895,6.294,1.601,1.347,32.68,No,Cognitive Load,5.06,Distracted
989,49,6,374842,3.547,5.312,2.491,3.269,1.434,10.58,No,Cognitive Load,51.7,Focused
990,44,7,373704,3.975,5.582,2.066,9.704,3.608,13.82,No,Visual Stimulus,34.7,Distracted
991,19,5,394051,2.629,4.187,7.582,3.535,2.993,32.47,No,Visual Stimulus,54.29,Distracted
992,42,9,280790,3.28,5.622,0.645,1.386,3.892,20.18,No,Motor Imagery,94.65,Fatigued
993,41,1,123777,2.553,2.688,7.74,7.222,2.436,12.05,No,Resting,14.34,Distracted
994,37,7,299479,4.523,5.742,1.619,7.473,1.043,27.79,Yes,Resting,0.2,Distracted
995,6,10,133501,2.74,4.365,6.646,3.212,1.378,30.65,No,Visual Stimulus,7.69,Fatigued
996,26,7,304094,4.288,0.731,2.569,3.328,1.347,9.38,No,Motor Imagery,46.27,Distracted
997,34,4,584942,4.106,5.488,3.13,4.954,1.373,14.69,Yes,Cognitive Load,70.69,Distracted
998,45,9,369566,2.347,3.165,2.126,0.707,2.725,12.74,Yes,Motor Imagery,58.08,Relaxed
999,6,5,372078,1.535,3.032,4.891,7.999,2.17,18.29,Yes,Motor Imagery,49.49,Relaxed
1000,37,4,119975,2.327,3.616,3.111,3.512,1.603,31.72,Yes,Motor Imagery,35.4,Distracted
1001,33,7,353330,4.218,1.322,5.43,8.611,0.681,29.98,No,Resting,31.0,Distracted
1002,22,4,366378,1.524,3.08,0.617,8.125,0.186,28.19,No,Cognitive Load,37.63,Focused
1003,21,3,77527,2.86,5.071,0.983,6.783,0.953,5.22,No,Motor Imagery,61.16,Relaxed
1004,6,9,348848,4.127,0.585,1.247,3.586,0.519,9.98,No,Resting,16.78,Focused
1005,6,8,432601,2.091,2.001,3.642,5.405,3.163,12.82,No,Resting,77.14,Distracted
1006,48,1,166991,3.39,0.514,6.611,4.726,0.539,14.52,No,Visual Stimulus,57.53,Focused
1007,4,7,96952,1.605,2.786,7.161,3.719,2.924,10.12,No,Cognitive Load,26.92,Focused
1008,30,9,333260,0.992,4.506,2.336,8.557,1.604,19.36,Yes,Motor Imagery,50.12,Fatigued
1009,11,8,465806,4.075,4.893,4.808,5.093,0.386,7.63,No,Cognitive Load,96.28,Fatigued
1010,30,8,433603,0.945,5.699,6.263,8.411,3.27,31.25,No,Visual Stimulus,2.05,Distracted
1011,31,6,46015,1.721,3.847,2.666,1.5,2.361,32.57,Yes,Visual Stimulus,19.95,Relaxed
1012,24,4,102877,4.348,1.9,3.568,1.84,1.019,25.1,Yes,Motor Imagery,44.84,Distracted
1013,9,8,277483,2.059,5.583,4.43,9.785,3.589,8.14,No,Resting,63.84,Relaxed
1014,3,3,523165,4.879,4.764,1.512,6.084,0.277,36.15,No,Visual Stimulus,21.22,Fatigued
1015,31,9,393922,4.909,3.659,0.695,5.343,0.887,38.8,No,Resting,93.14,Relaxed
1016,40,2,496753,1.707,4.326,1.646,5.47,3.033,12.08,Yes,Visual Stimulus,64.26,Focused
1017,37,2,391670,0.684,5.584,5.201,2.545,2.867,29.66,No,Cognitive Load,87.74,Focused
1018,36,7,431739,3.673,4.418,1.052,7.328,1.228,34.47,No,Motor Imagery,32.93,Fatigued
1019,24,10,287307,2.529,2.526,1.923,1.305,0.342,23.89,No,Visual Stimulus,82.9,Distracted
1020,31,4,301763,0.953,4.422,3.034,5.947,3.447,16.32,No,Cognitive Load,37.82,Relaxed
1021,6,10,274270,3.684,0.722,1.084,5.922,1.323,21.75,No,Visual Stimulus,25.28,Distracted
1022,2,8,589214,0.64,2.625,1.938,9.185,0.863,22.93,No,Motor Imagery,91.17,Relaxed
1023,20,9,40633,4.416,2.735,7.335,5.499,2.113,19.02,No,Cognitive Load,9.22,Fatigued
1024,28,7,208726,1.124,1.418,0.645,1.802,3.65,37.54,No,Resting,94.29,Focused
1025,11,5,3317,1.073,0.627,5.401,5.941,0.27,31.04,Yes,Visual Stimulus,45.85,Focused
1026,4,8,307124,1.291,1.234,3.383,1.368,3.087,13.45,No,Visual Stimulus,99.26,Relaxed
1027,15,4,440847,4.821,4.1,5.545,2.436,2.333,25.49,No,Cognitive Load,53.96,Distracted
1028,6,2,367508,3.619,4.913,4.915,0.796,1.759,29.1,Yes,Motor Imagery,75.75,Fatigued
1029,49,6,452558,4.106,5.935,2.176,5.376,3.002,9.91,No,Visual Stimulus,0.71,Fatigued
1030,30,9,277648,2.289,2.405,6.854,1.303,3.867,17.54,No,Cognitive Load,49.67,Distracted
1031,38,1,419876,2.013,3.797,4.19,4.959,0.994,36.69,Yes,Motor Imagery,73.75,Focused
1032,2,10,319532,1.555,5.654,6.669,9.363,0.66,24.85,No,Visual Stimulus,78.28,Distracted
1033,15,7,212369,2.663,1.419,3.545,7.338,3.66,12.59,No,Cognitive Load,15.8,Focused
1034,11,10,579789,2.983,4.447,7.885,1.235,2.709,9.3,No,Motor Imagery,41.9,Relaxed
1035,8,9,27043,3.343,4.652,6.279,2.63,1.808,23.14,No,Visual Stimulus,41.91,Fatigued
1036,26,10,33635,1.657,0.989,7.745,6.9,2.336,24.17,No,Visual Stimulus,10.36,Relaxed
1037,45,9,210387,4.769,5.237,4.357,9.0,3.008,16.7,No,Motor Imagery,44.3,Distracted
1038,44,10,80691,1.264,4.972,4.053,0.813,3.115,27.06,No,Motor Imagery,80.71,Distracted
1039,5,3,499730,4.845,0.684,6.166,8.218,3.688,7.4,No,Cognitive Load,30.02,Relaxed
1040,6,5,93944,0.567,1.001,7.102,5.837,1.765,10.08,No,Visual Stimulus,43.26,Distracted
1041,26,8,455796,2.665,0.77,7.731,5.688,1.244,24.12,No,Visual Stimulus,96.1,Distracted
1042,4,8,515578,2.0,2.341,2.934,9.599,2.595,7.16,No,Cognitive Load,3.17,Distracted
1043,19,4,39236,2.521,3.301,6.49,7.603,1.721,35.83,No,Visual Stimulus,59.15,Fatigued
1044,20,1,266294,3.068,3.428,2.08,8.576,2.419,9.98,No,Visual Stimulus,74.34,Fatigued
1045,33,1,373513,2.46,1.972,4.592,3.863,1.738,28.59,No,Visual Stimulus,76.09,Focused
1046,20,4,528425,2.367,5.514,1.849,5.766,0.697,18.69,No,Resting,71.59,Fatigued
1047,49,6,554280,3.797,2.525,3.105,6.346,1.931,18.99,Yes,Motor Imagery,72.65,Relaxed
1048,12,8,115140,3.586,0.751,7.485,3.555,2.795,31.77,No,Resting,5.9,Relaxed
1049,47,6,175993,4.25,2.151,1.596,5.917,3.217,22.48,No,Resting,53.41,Fatigued
1050,1,9,472585,1.625,3.421,5.243,2.748,2.024,30.4,No,Motor Imagery,78.3,Relaxed
1051,26,9,335834,3.243,2.745,4.947,1.862,0.744,22.68,No,Resting,9.41,Distracted
1052,14,2,296379,3.133,2.006,1.406,4.053,1.717,25.75,Yes,Cognitive Load,1.2,Fatigued
1053,38,10,210047,2.164,1.222,2.945,7.523,3.167,31.63,No,Resting,81.46,Focused
1054,37,1,543410,2.687,5.005,4.722,9.204,1.71,26.26,No,Cognitive Load,71.23,Focused
1055,11,2,286100,1.912,5.979,1.904,4.848,2.816,26.55,No,Motor Imagery,41.22,Fatigued
1056,36,5,63879,1.138,2.312,6.505,6.607,2.078,32.62,Yes,Visual Stimulus,94.04,Relaxed
1057,13,4,582848,1.462,2.599,7.791,1.479,1.041,38.22,Yes,Motor Imagery,76.66,Fatigued
1058,43,4,372454,0.975,3.899,2.111,9.092,3.205,18.19,No,Motor Imagery,96.79,Fatigued
1059,3,9,237268,3.574,4.451,1.902,5.902,0.428,25.2,No,Resting,92.93,Focused
1060,33,8,479280,3.473,2.656,3.912,7.913,2.147,8.02,Yes,Motor Imagery,48.13,Distracted
1061,6,6,507656,4.778,5.477,6.108,8.047,0.915,17.56,Yes,Motor Imagery,75.47,Distracted
1062,50,1,307268,3.784,3.58,2.612,2.937,0.362,19.42,No,Cognitive Load,66.92,Fatigued
1063,10,2,314941,0.734,2.977,0.649,5.527,2.061,34.23,No,Visual Stimulus,81.14,Focused
1064,5,6,437043,4.479,4.057,4.559,9.625,2.048,22.97,Yes,Resting,78.77,Focused
1065,23,2,150823,4.382,5.74,7.675,1.352,2.857,30.59,No,Visual Stimulus,15.32,Fatigued
1066,10,10,554661,2.495,4.87,3.435,6.989,3.005,5.67,No,Visual Stimulus,23.37,Fatigued
1067,44,5,122026,3.136,0.72,3.651,9.642,2.938,21.26,No,Visual Stimulus,26.57,Fatigued
1068,2,5,30270,4.892,2.328,7.767,3.355,1.697,36.55,No,Resting,81.85,Distracted
1069,13,6,232931,2.895,3.088,5.71,8.684,2.564,12.85,No,Motor Imagery,81.07,Fatigued
1070,40,6,65184,4.574,2.23,5.894,9.37,2.35,6.1,No,Visual Stimulus,49.53,Focused
1071,2,6,507532,0.874,4.351,4.72,7.597,1.744,20.17,No,Resting,58.08,Fatigued
1072,20,2,562167,1.36,5.044,7.81,2.698,2.429,29.66,No,Motor Imagery,82.69,Focused
1073,1,10,311741,2.483,4.522,5.666,3.673,3.794,20.91,No,Visual Stimulus,31.26,Focused
1074,37,3,3626,3.131,5.941,7.213,0.84,0.852,21.1,No,Cognitive Load,5.02,Relaxed
1075,9,6,495395,4.173,1.999,5.745,8.399,3.633,28.44,No,Resting,48.26,Focused
1076,17,8,208137,4.947,5.312,6.013,8.571,0.308,13.9,No,Visual Stimulus,91.37,Relaxed
1077,9,1,579678,2.25,4.716,2.678,6.511,1.303,31.32,No,Resting,79.05,Fatigued
1078,11,1,578432,0.713,2.492,2.776,3.849,1.224,10.36,No,Cognitive Load,36.66,Relaxed
1079,15,2,144454,4.105,4.538,6.372,1.23,2.543,18.85,No,Resting,6.48,Distracted
1080,24,6,528313,3.22,1.072,2.725,7.654,0.612,27.96,Yes,Motor Imagery,63.69,Distracted
1081,38,9,436442,1.393,4.841,4.721,7.402,3.541,33.99,Yes,Visual Stimulus,83.45,Distracted
1082,35,4,341524,2.727,3.428,2.37,9.17,3.331,32.7,No,Resting,66.49,Fatigued
1083,30,3,254043,3.84,2.108,6.627,7.44,2.643,30.26,No,Resting,42.51,Focused
1084,31,8,462927,3.967,4.107,1.329,8.373,1.888,17.57,No,Visual Stimulus,12.34,Distracted
1085,49,10,388333,2.748,4.029,6.721,7.587,3.739,9.28,No,Cognitive Load,91.08,Relaxed
1086,5,9,557749,1.873,1.652,5.02,6.492,3.34,12.59,No,Cognitive Load,27.6,Fatigued
1087,44,5,258072,4.882,0.667,1.902,4.556,2.047,35.27,No,Visual Stimulus,22.43,Fatigued
1088,50,9,565403,3.485,2.885,4.565,9.07,2.837,35.01,No,Visual Stimulus,81.6,Relaxed
1089,14,2,110084,2.337,3.632,2.619,6.684,2.311,38.3,Yes,Motor Imagery,98.12,Relaxed
1090,11,3,345876,1.762,5.321,2.926,4.284,2.393,7.66,Yes,Resting,66.02,Fatigued
1091,9,7,473006,3.79,5.605,3.136,1.293,1.391,23.79,Yes,Resting,62.48,Fatigued
1092,34,7,341701,1.59,3.408,0.975,3.262,1.902,27.7,No,Cognitive Load,31.94,Focused
1093,12,6,73568,1.273,4.646,7.895,5.665,0.405,29.87,No,Motor Imagery,2.04,Fatigued
1094,35,6,58560,2.884,2.916,0.737,3.119,1.494,27.54,No,Resting,19.18,Relaxed
1095,35,2,148866,1.805,4.603,5.469,2.602,2.814,31.95,No,Motor Imagery,58.44,Fatigued
1096,1,10,150953,3.33,1.626,3.284,5.51,3.818,17.58,No,Visual Stimulus,15.13,Fatigued
1097,40,6,226024,1.031,2.541,5.345,2.113,3.856,11.28,No,Resting,88.38,Relaxed
1098,22,4,180775,3.447,3.988,3.172,8.104,2.267,12.16,No,Visual Stimulus,18.81,Focused
1099,29,3,91288,1.775,0.6,5.553,5.101,2.466,5.42,Yes,Cognitive Load,52.21,Fatigued
1100,8,2,471678,0.501,4.474,5.969,5.952,0.824,17.26,Yes,Cognitive Load,51.2,Distracted
1101,11,1,381164,1.071,5.095,5.679,1.9,2.812,8.21,No,Visual Stimulus,60.39,Distracted
1102,41,5,14390,4.701,2.695,1.355,3.583,0.376,16.25,Yes,Cognitive Load,32.74,Relaxed
1103,37,2,497619,4.403,2.964,5.427,4.396,1.21,26.99,No,Visual Stimulus,87.35,Relaxed
1104,14,2,218547,1.551,5.182,2.6,8.178,2.707,36.31,No,Visual Stimulus,44.43,Relaxed
1105,30,7,551595,4.003,4.766,0.716,7.817,1.31,34.39,No,Visual Stimulus,70.02,Distracted
1106,35,8,227436,3.239,2.085,3.611,2.618,0.294,13.84,No,Cognitive Load,63.59,Relaxed
1107,21,10,225121,4.869,2.282,3.752,6.354,3.344,9.69,No,Cognitive Load,11.72,Distracted
1108,37,8,251063,2.181,4.234,4.004,2.813,1.31,11.76,No,Cognitive Load,62.26,Focused
1109,5,4,24502,3.567,3.598,5.786,9.888,0.346,38.98,Yes,Visual Stimulus,55.07,Relaxed
1110,19,1,546774,0.786,1.392,2.816,9.545,0.392,24.23,No,Motor Imagery,89.86,Fatigued
1111,14,7,373957,2.283,2.205,2.865,5.851,1.082,11.39,No,Cognitive Load,88.09,Focused
1112,26,1,228300,4.837,5.45,0.954,7.14,0.794,34.43,No,Motor Imagery,15.1,Distracted
1113,4,4,103920,2.925,4.285,5.651,8.114,3.12,18.83,No,Cognitive Load,8.17,Relaxed
1114,25,8,344912,1.795,5.923,4.759,7.349,1.355,36.47,Yes,Resting,29.46,Fatigued
1115,45,2,587073,1.041,4.719,3.121,7.148,3.238,14.12,No,Resting,98.66,Distracted
1116,42,6,547026,3.666,5.681,5.789,9.606,0.778,18.76,No,Resting,2.16,Focused
1117,25,6,74231,3.402,1.689,4.53,6.166,2.022,22.67,No,Motor Imagery,67.29,Fatigued
1118,18,9,73606,2.183,4.743,4.019,6.545,2.783,36.24,No,Cognitive Load,60.85,Focused
1119,40,5,486517,4.779,0.611,4.335,8.568,2.643,35.41,No,Visual Stimulus,64.66,Relaxed
1120,8,10,303806,0.6,4.189,5.273,6.864,2.444,25.1,Yes,Motor Imagery,21.83,Fatigued
1121,39,4,380457,1.867,3.081,5.45,7.463,3.707,12.76,No,Cognitive Load,22.67,Relaxed
1122,40,5,227369,4.645,2.407,2.667,2.725,0.991,19.12,Yes,Resting,43.06,Distracted
1123,14,10,493896,1.944,5.243,1.556,4.027,2.026,39.15,No,Motor Imagery,9.59,Distracted
1124,32,5,156688,1.635,5.198,1.675,1.899,3.548,26.27,No,Cognitive Load,7.46,Focused
1125,38,8,495898,2.904,0.623,5.295,5.305,0.404,32.34,No,Visual Stimulus,8.84,Relaxed
1126,33,10,273326,4.207,3.852,7.047,4.829,0.318,20.75,No,Motor Imagery,57.3,Relaxed
1127,23,8,455229,0.964,2.523,3.571,9.973,1.01,23.62,No,Visual Stimulus,39.77,Fatigued
1128,15,2,162403,4.744,2.786,1.771,6.306,2.569,20.01,Yes,Motor Imagery,29.36,Distracted
1129,33,7,26128,4.078,5.076,6.175,7.971,1.114,29.6,Yes,Resting,31.58,Relaxed
1130,25,8,31556,1.316,2.204,6.744,3.673,0.842,34.8,Yes,Resting,20.73,Relaxed
1131,17,6,258470,3.704,5.687,7.104,8.4,1.889,22.76,No,Resting,41.15,Relaxed
1132,33,5,140021,2.232,1.488,5.051,6.343,2.493,21.83,Yes,Visual Stimulus,20.31,Distracted
1133,47,9,576250,2.31,4.145,6.955,7.121,1.069,16.91,No,Resting,69.8,Distracted
1134,2,3,517200,4.025,4.197,0.616,3.297,1.273,11.2,No,Visual Stimulus,12.39,Distracted
1135,14,10,202278,4.833,1.887,1.304,5.712,2.493,37.87,No,Visual Stimulus,94.82,Focused
1136,40,4,548387,1.07,2.286,1.194,6.523,3.788,16.06,No,Visual Stimulus,8.98,Distracted
1137,40,9,235943,2.393,5.091,5.845,6.096,2.731,33.02,No,Resting,94.35,Distracted
1138,39,6,183683,2.664,4.69,1.022,9.194,3.153,30.04,No,Cognitive Load,83.33,Distracted
1139,6,8,315288,2.193,2.31,4.223,9.034,1.531,32.68,No,Visual Stimulus,68.07,Fatigued
1140,6,7,196292,2.134,3.437,4.045,9.724,1.162,37.79,No,Cognitive Load,91.23,Fatigued
1141,3,2,532125,0.735,0.839,2.83,6.841,1.872,26.82,No,Visual Stimulus,13.92,Relaxed
1142,7,3,180427,3.585,1.648,7.028,9.733,3.248,36.43,No,Resting,17.63,Fatigued
1143,8,1,178371,2.463,3.172,1.778,8.409,1.88,10.87,No,Resting,25.22,Focused
1144,42,9,368946,1.377,0.973,3.143,3.073,3.402,26.93,No,Resting,24.48,Focused
1145,15,7,51012,4.172,5.138,6.306,4.561,3.956,32.03,Yes,Motor Imagery,31.08,Relaxed
1146,47,1,130193,4.112,4.449,0.728,2.765,0.381,14.51,Yes,Resting,57.56,Relaxed
1147,29,3,218168,2.689,5.69,5.547,0.54,0.277,30.93,Yes,Cognitive Load,2.82,Focused
1148,33,4,148178,1.843,4.314,6.623,2.286,0.683,32.25,No,Visual Stimulus,38.23,Focused
1149,30,4,58123,3.371,5.672,7.492,0.539,1.599,34.09,No,Cognitive Load,24.64,Focused
1150,39,5,111825,1.797,3.55,7.072,7.338,0.611,15.95,No,Motor Imagery,60.66,Relaxed
1151,27,3,533008,1.562,3.801,2.895,4.543,3.496,28.86,No,Cognitive Load,98.52,Focused
1152,36,3,168733,3.787,5.873,4.898,3.469,0.19,15.65,Yes,Visual Stimulus,51.77,Relaxed
1153,29,1,224970,0.681,4.032,1.08,7.736,1.332,30.87,No,Visual Stimulus,42.57,Focused
1154,38,7,224866,0.926,0.669,2.434,8.409,0.82,21.2,No,Resting,36.82,Focused
1155,33,10,150862,0.531,4.481,1.207,9.765,3.733,25.91,No,Motor Imagery,78.49,Fatigued
1156,37,1,582943,1.188,5.48,2.864,6.599,2.711,19.55,No,Motor Imagery,7.2,Focused
1157,27,2,178446,0.81,4.876,7.064,4.885,3.657,10.67,No,Cognitive Load,95.98,Relaxed
1158,33,4,181143,4.981,3.711,3.104,3.4,3.892,11.23,Yes,Resting,41.79,Focused
1159,4,4,296956,1.8,4.192,4.714,2.612,2.039,7.71,No,Resting,31.37,Distracted
1160,22,5,313045,1.172,5.946,3.75,2.523,1.014,26.63,No,Resting,97.41,Fatigued
1161,2,2,60186,1.584,0.999,3.942,4.387,0.856,34.7,No,Visual Stimulus,93.59,Focused
1162,10,4,122066,4.713,4.17,7.772,9.922,0.969,5.73,No,Motor Imagery,64.19,Focused
1163,5,1,390508,2.841,2.059,2.721,0.508,2.864,7.32,No,Cognitive Load,1.85,Distracted
1164,10,2,36160,2.142,4.02,5.205,2.373,0.258,21.01,No,Cognitive Load,74.85,Distracted
1165,33,1,19156,4.43,3.842,3.65,2.29,0.3,30.82,No,Cognitive Load,33.56,Distracted
1166,38,10,76208,2.277,1.344,0.959,7.313,2.472,10.52,No,Resting,38.83,Distracted
1167,13,10,473196,2.008,1.637,4.17,3.849,2.604,14.51,No,Motor Imagery,15.87,Distracted
1168,31,4,465536,1.433,3.919,6.6,4.844,2.695,13.12,No,Motor Imagery,52.35,Distracted
1169,47,4,459822,2.2,1.205,1.241,1.912,1.55,18.97,Yes,Visual Stimulus,74.46,Focused
1170,36,7,231226,1.925,1.958,1.022,4.347,3.243,12.87,No,Visual Stimulus,27.3,Relaxed
1171,45,10,455775,3.548,5.094,1.652,1.48,2.181,17.34,No,Visual Stimulus,93.87,Focused
1172,24,9,447421,1.803,2.299,6.233,5.564,0.511,30.5,No,Cognitive Load,19.47,Focused
1173,15,9,461691,3.097,3.184,5.93,1.43,3.209,26.39,No,Cognitive Load,6.63,Focused
1174,29,5,305007,0.797,5.676,4.738,8.01,3.817,7.84,No,Motor Imagery,64.44,Fatigued
1175,8,10,65439,1.361,1.749,4.012,5.883,0.334,27.32,No,Visual Stimulus,84.93,Relaxed
1176,5,1,212986,2.333,2.643,7.162,7.378,1.626,21.7,No,Cognitive Load,95.31,Relaxed
1177,29,1,197286,4.716,3.836,6.25,4.476,2.001,37.71,No,Visual Stimulus,76.72,Fatigued
1178,47,6,492508,2.198,4.654,6.59,4.124,0.671,15.13,No,Visual Stimulus,19.97,Relaxed
1179,4,2,29777,3.488,5.459,6.599,1.433,3.484,30.42,No,Motor Imagery,97.77,Fatigued
1180,12,8,256427,1.648,5.535,5.32,5.477,1.208,30.58,No,Motor Imagery,91.94,Focused
1181,45,9,420661,1.072,4.772,3.935,5.388,3.154,12.75,No,Cognitive Load,16.32,Relaxed
1182,2,4,198110,0.763,1.756,6.985,4.947,2.717,36.61,No,Motor Imagery,55.88,Focused
1183,27,5,349345,1.874,0.636,7.445,7.535,2.432,22.19,Yes,Visual Stimulus,55.55,Distracted
1184,31,8,414627,1.209,2.611,0.679,8.409,0.849,28.76,No,Motor Imagery,44.25,Focused
1185,36,3,278011,1.283,1.279,0.887,7.633,0.961,10.1,No,Visual Stimulus,98.43,Relaxed
1186,36,5,586789,3.923,4.407,7.691,1.867,0.285,14.02,No,Visual Stimulus,5.96,Focused
1187,26,3,145338,0.571,4.136,2.579,6.41,1.039,25.51,No,Cognitive Load,62.72,Focused
1188,43,10,501754,3.01,0.742,7.05,1.263,1.447,16.17,Yes,Cognitive Load,20.53,Fatigued
1189,27,3,424429,2.208,5.101,3.416,7.099,3.349,22.49,No,Cognitive Load,52.73,Relaxed
1190,5,3,559650,2.779,1.868,1.393,4.127,1.529,18.09,No,Visual Stimulus,77.97,Focused
1191,20,7,250449,3.033,2.877,1.103,1.759,3.043,27.42,No,Motor Imagery,24.67,Fatigued
1192,11,7,313732,1.91,4.174,1.674,8.689,1.814,22.05,No,Cognitive Load,39.34,Relaxed
1193,10,7,169357,1.828,2.862,2.374,6.333,3.161,5.16,No,Cognitive Load,95.08,Distracted
1194,40,10,205827,3.8,2.927,4.164,3.87,3.907,27.74,No,Motor Imagery,76.15,Focused
1195,38,8,202918,4.421,0.861,5.761,0.792,1.035,19.77,No,Motor Imagery,57.27,Focused
1196,6,5,298451,1.367,2.708,7.898,5.604,3.463,16.96,No,Cognitive Load,22.2,Focused
1197,8,5,342424,0.939,4.707,3.811,9.271,2.525,8.3,No,Visual Stimulus,42.53,Focused
1198,23,4,413083,4.54,5.533,4.386,6.166,3.287,12.71,No,Visual Stimulus,77.41,Focused
1199,47,7,107669,2.075,2.774,4.414,9.731,2.641,12.83,No,Cognitive Load,82.05,Distracted
1200,26,10,158998,2.981,2.83,4.546,1.796,1.753,37.74,Yes,Motor Imagery,24.46,Distracted
1201,46,4,406396,2.118,4.364,4.383,5.899,0.989,20.14,No,Visual Stimulus,66.21,Relaxed
1202,43,2,245847,1.066,5.685,0.566,8.082,0.373,6.47,No,Motor Imagery,9.5,Relaxed
1203,12,4,227544,3.152,1.969,0.513,5.493,2.189,9.86,No,Resting,2.32,Fatigued
1204,26,8,267614,2.863,2.921,1.232,1.365,3.962,7.77,Yes,Motor Imagery,54.87,Fatigued
1205,13,9,227467,1.413,4.878,1.262,6.037,2.978,25.61,No,Motor Imagery,22.44,Fatigued
1206,40,3,146025,2.533,3.853,5.787,6.312,1.377,11.53,No,Resting,7.89,Distracted
1207,18,7,512177,4.086,1.108,2.037,7.423,3.326,22.45,No,Visual Stimulus,72.98,Relaxed
1208,25,9,217995,3.157,3.953,7.21,7.732,3.099,17.95,No,Visual Stimulus,49.8,Relaxed
1209,33,4,293313,0.936,1.527,7.465,7.822,1.198,33.14,No,Visual Stimulus,79.63,Distracted
1210,47,10,569929,2.966,3.306,7.819,6.803,0.156,16.22,No,Cognitive Load,66.39,Relaxed
1211,40,3,154062,3.662,3.41,7.543,2.55,0.561,21.04,Yes,Resting,72.98,Focused
1212,43,5,553949,4.067,5.319,2.539,4.34,3.521,30.24,No,Motor Imagery,30.74,Relaxed
1213,12,1,338246,3.331,3.044,4.323,7.873,3.363,20.17,Yes,Resting,26.33,Relaxed
1214,44,3,557373,1.187,2.037,1.816,9.558,1.251,32.76,No,Resting,60.09,Focused
1215,36,8,97064,3.696,1.77,6.547,1.25,1.212,28.16,No,Resting,20.01,Fatigued
1216,48,8,399346,3.548,5.308,7.163,5.588,3.192,19.37,No,Resting,81.54,Fatigued
1217,4,4,133114,0.61,1.441,6.885,3.469,3.757,22.64,Yes,Resting,52.29,Fatigued
1218,5,2,491638,2.353,2.842,3.75,2.641,3.139,38.85,No,Resting,22.7,Distracted
1219,37,8,557765,1.998,1.529,6.19,5.305,2.462,28.16,Yes,Cognitive Load,62.52,Focused
1220,8,8,340281,3.512,4.753,1.232,6.258,1.046,36.67,No,Resting,94.5,Focused
1221,42,10,139133,1.473,3.109,0.802,0.593,2.15,11.26,No,Resting,8.21,Distracted
1222,49,4,297515,3.159,2.431,6.149,7.912,1.011,21.91,No,Visual Stimulus,10.93,Focused
1223,28,3,345165,4.609,2.486,3.69,8.289,3.251,36.8,Yes,Resting,84.38,Relaxed
1224,31,2,414021,4.09,5.187,7.967,9.672,1.609,16.29,No,Resting,10.96,Fatigued
1225,9,9,270001,4.647,3.546,1.229,2.216,3.351,38.87,Yes,Visual Stimulus,3.94,Focused
1226,29,1,532465,4.903,4.448,6.917,6.148,1.588,8.4,No,Visual Stimulus,34.79,Focused
1227,14,7,423327,0.548,5.434,4.1,4.553,3.314,36.59,No,Visual Stimulus,46.67,Fatigued
1228,40,5,251842,3.302,5.46,6.704,3.681,1.4,20.58,No,Motor Imagery,56.94,Distracted
1229,41,8,350722,2.358,2.307,6.628,5.874,1.817,7.58,No,Resting,50.73,Fatigued
1230,22,4,536114,4.369,5.738,7.37,7.933,2.5,35.78,No,Resting,91.32,Distracted
1231,11,7,344572,1.633,0.637,2.734,0.719,0.374,13.82,No,Resting,76.87,Distracted
1232,23,5,510283,4.915,2.573,7.623,9.709,3.798,5.78,No,Visual Stimulus,98.38,Relaxed
1233,1,5,512656,3.262,5.427,1.638,8.194,2.337,9.75,No,Cognitive Load,47.65,Fatigued
1234,46,9,505350,4.071,2.011,1.115,7.636,2.08,28.07,No,Resting,8.43,Focused
1235,37,9,337164,0.885,2.002,3.737,7.724,3.374,39.22,No,Visual Stimulus,95.55,Distracted
1236,21,9,529783,1.326,2.164,6.712,4.196,3.476,8.9,No,Visual Stimulus,0.41,Relaxed
1237,26,6,28481,3.913,3.868,4.051,7.64,2.137,21.17,No,Visual Stimulus,77.61,Fatigued
1238,46,6,137815,0.599,2.911,6.72,4.174,3.716,11.32,No,Motor Imagery,3.13,Distracted
1239,36,5,319186,4.176,4.497,5.973,9.038,0.352,31.08,No,Visual Stimulus,76.12,Relaxed
1240,23,9,49476,0.563,5.422,2.071,2.184,0.542,9.13,No,Cognitive Load,93.79,Focused
1241,1,10,290696,3.457,4.208,7.617,3.277,2.427,13.39,No,Motor Imagery,38.93,Distracted
1242,40,8,438988,2.143,1.625,0.956,5.738,1.481,11.87,No,Visual Stimulus,24.1,Distracted
1243,15,7,207383,3.252,5.63,7.237,3.533,1.91,24.34,Yes,Cognitive Load,22.63,Focused
1244,21,7,69093,3.632,1.955,2.783,4.53,1.38,35.56,No,Cognitive Load,49.17,Focused
1245,47,6,593411,2.041,1.324,4.251,5.178,1.678,22.89,Yes,Resting,17.09,Focused
1246,9,5,16535,0.986,0.995,3.668,8.635,3.308,7.04,Yes,Visual Stimulus,67.29,Distracted
1247,9,4,328634,0.813,3.599,1.789,5.47,2.415,24.72,No,Visual Stimulus,36.84,Relaxed
1248,10,3,570850,3.15,1.126,3.186,3.943,3.99,32.91,Yes,Resting,32.31,Relaxed
1249,26,3,381186,2.843,1.263,1.947,2.853,3.169,9.63,No,Cognitive Load,46.13,Focused
1250,41,6,256323,3.84,2.15,2.029,4.382,1.167,7.54,No,Visual Stimulus,54.26,Relaxed
1251,35,4,258916,2.794,2.049,1.903,5.399,1.131,11.57,No,Resting,14.19,Focused
1252,25,6,230063,2.401,3.823,4.168,7.588,1.41,31.11,No,Resting,70.78,Focused
1253,26,3,41269,2.291,4.992,6.484,1.65,3.389,25.71,No,Cognitive Load,88.29,Fatigued
1254,11,4,80674,0.619,4.687,4.767,2.605,0.206,23.92,Yes,Cognitive Load,27.8,Relaxed
1255,38,9,285291,2.01,1.944,7.199,4.107,0.998,13.73,No,Visual Stimulus,18.04,Distracted
1256,2,5,438744,4.892,1.849,5.274,3.924,3.629,16.63,No,Visual Stimulus,76.05,Fatigued
1257,7,7,90925,4.431,5.812,5.67,4.222,2.596,38.81,No,Motor Imagery,18.35,Focused
1258,18,10,590669,1.982,0.545,5.507,8.038,0.985,13.42,No,Cognitive Load,4.13,Fatigued
1259,27,2,242330,3.145,5.338,3.871,3.579,0.955,36.56,No,Motor Imagery,61.92,Focused
1260,34,5,13731,4.313,1.599,5.67,5.268,3.464,25.32,No,Motor Imagery,23.98,Focused
1261,27,9,386791,2.486,5.71,1.023,6.427,3.586,9.32,No,Resting,17.18,Focused
1262,17,3,491874,0.581,2.383,6.949,2.706,1.099,21.36,No,Resting,98.16,Relaxed
1263,43,9,575312,0.835,2.922,6.334,7.328,1.74,38.2,No,Visual Stimulus,29.19,Focused
1264,44,6,101121,2.797,4.389,2.339,5.698,3.355,19.65,No,Cognitive Load,90.34,Focused
1265,24,4,265976,4.862,3.732,6.26,4.744,3.107,35.22,No,Cognitive Load,17.82,Relaxed
1266,25,7,556620,3.619,2.249,0.595,8.193,3.274,13.98,No,Motor Imagery,81.9,Relaxed
1267,7,8,12467,0.819,3.546,2.129,2.813,2.122,24.98,No,Motor Imagery,50.2,Focused
1268,6,6,41025,1.352,4.519,0.989,8.89,3.655,34.53,No,Visual Stimulus,7.86,Relaxed
1269,24,5,144179,3.971,0.733,6.352,5.83,1.371,37.22,No,Resting,73.36,Distracted
1270,33,6,77994,4.286,0.562,6.169,6.287,0.711,22.0,No,Cognitive Load,89.21,Distracted
1271,49,5,94202,3.28,3.019,6.602,8.813,2.864,27.39,No,Cognitive Load,16.3,Focused
1272,29,8,567769,3.4,1.225,0.534,8.267,2.203,5.1,Yes,Cognitive Load,72.56,Fatigued
1273,43,1,395797,0.628,4.154,4.259,6.215,3.433,13.86,No,Cognitive Load,44.51,Relaxed
1274,22,7,599406,4.228,1.677,5.786,7.655,0.417,14.75,No,Resting,75.39,Fatigued
1275,26,10,386154,4.047,2.881,1.666,4.617,3.39,8.27,No,Visual Stimulus,71.39,Distracted
1276,28,10,444854,1.666,1.587,5.373,5.7,1.244,14.79,No,Visual Stimulus,2.66,Focused
1277,50,2,160185,3.689,3.517,1.131,1.09,2.654,16.24,Yes,Resting,17.87,Distracted
1278,21,9,84363,1.467,1.138,1.86,1.354,0.257,38.91,No,Visual Stimulus,47.1,Relaxed
1279,49,1,325188,0.681,0.627,4.068,8.38,2.477,28.4,Yes,Visual Stimulus,93.36,Relaxed
1280,7,10,211027,1.405,0.781,5.402,1.067,2.897,19.91,Yes,Motor Imagery,34.21,Focused
1281,17,6,273958,1.304,5.748,1.594,2.109,1.538,39.58,No,Resting,62.89,Relaxed
1282,20,9,361484,2.02,1.283,1.889,8.06,0.94,10.36,No,Visual Stimulus,1.21,Relaxed
1283,41,1,272168,2.383,4.397,2.033,0.511,2.197,21.66,No,Motor Imagery,71.11,Relaxed
1284,49,4,582124,2.788,0.874,2.29,3.183,3.349,27.65,No,Resting,60.31,Fatigued
1285,20,4,269579,2.645,1.095,2.199,6.048,1.362,6.95,Yes,Resting,71.54,Focused
1286,22,9,255095,1.718,3.299,3.464,6.157,1.085,30.09,No,Cognitive Load,90.47,Focused
1287,28,5,481632,0.631,3.057,5.403,7.883,1.188,8.5,No,Motor Imagery,14.65,Focused
1288,40,5,261176,3.223,5.734,3.785,5.306,3.802,9.91,No,Motor Imagery,26.16,Relaxed
1289,49,6,383015,2.281,5.697,6.32,5.339,1.501,10.59,No,Motor Imagery,99.58,Relaxed
1290,7,1,249717,1.844,4.788,5.895,7.39,0.114,37.51,No,Resting,15.63,Relaxed
1291,1,1,32940,4.401,3.812,1.449,5.237,3.149,28.91,No,Cognitive Load,72.06,Focused
1292,32,9,529954,3.86,3.002,0.866,6.281,2.827,27.94,No,Resting,72.51,Fatigued
1293,13,3,299266,4.36,2.459,7.085,9.029,0.601,24.44,No,Visual Stimulus,68.3,Distracted
1294,30,4,156164,2.727,5.709,1.099,4.314,3.941,15.25,No,Visual Stimulus,22.74,Focused
1295,23,1,206717,1.089,3.816,1.613,4.159,2.471,26.73,Yes,Visual Stimulus,21.51,Focused
1296,19,9,363334,3.633,3.685,0.666,0.534,2.053,19.36,No,Cognitive Load,66.63,Fatigued
1297,32,8,362612,1.427,1.775,5.213,6.328,1.591,10.09,No,Resting,18.63,Distracted
1298,30,2,26505,2.486,0.757,4.868,0.783,3.605,29.14,No,Motor Imagery,66.16,Distracted
1299,29,8,561001,0.793,5.699,7.902,5.289,1.051,9.54,No,Visual Stimulus,49.25,Relaxed
1300,49,7,447603,4.214,2.226,7.152,8.14,1.214,11.67,No,Visual Stimulus,38.66,Distracted
1301,45,6,204354,1.067,2.934,3.581,5.724,0.577,33.62,No,Resting,30.02,Relaxed
1302,29,1,212204,4.564,1.131,3.287,3.062,3.061,28.1,No,Motor Imagery,94.76,Focused
1303,30,7,250694,4.389,5.103,2.726,7.969,2.423,27.08,No,Cognitive Load,50.81,Fatigued
1304,16,10,249836,2.591,0.652,1.643,3.062,2.475,19.64,No,Visual Stimulus,56.13,Focused
1305,40,7,528168,3.85,5.087,1.536,7.464,0.952,18.87,No,Visual Stimulus,94.93,Distracted
1306,19,9,436670,3.288,1.272,1.492,6.297,2.64,29.16,No,Visual Stimulus,65.39,Focused
1307,18,1,567827,4.114,5.376,1.356,2.115,3.085,30.9,No,Motor Imagery,95.79,Fatigued
1308,1,2,240056,2.443,4.514,2.304,9.099,1.496,22.86,Yes,Visual Stimulus,10.64,Fatigued
1309,14,9,219057,4.036,1.406,2.8,2.406,3.225,38.92,No,Motor Imagery,84.66,Relaxed
1310,47,9,539087,2.581,3.612,7.712,9.901,1.46,38.45,No,Visual Stimulus,33.54,Focused
1311,50,6,507800,4.734,2.22,4.839,0.569,3.057,19.44,No,Visual Stimulus,81.05,Fatigued
1312,2,6,104843,2.689,1.48,7.907,3.003,0.232,33.72,No,Motor Imagery,85.56,Fatigued
1313,28,4,443942,2.582,5.226,3.294,2.399,2.25,24.01,No,Motor Imagery,27.15,Fatigued
1314,49,4,48784,4.033,2.719,3.932,0.633,3.881,22.91,No,Cognitive Load,40.88,Fatigued
1315,50,5,113034,4.197,2.692,2.934,7.457,3.927,6.92,No,Resting,72.6,Distracted
1316,30,3,434044,2.995,1.434,1.872,7.088,1.199,25.09,No,Visual Stimulus,9.91,Focused
1317,38,1,54362,1.309,2.607,1.574,8.027,1.821,36.52,No,Visual Stimulus,75.55,Focused
1318,4,1,53997,2.605,5.294,7.588,2.939,0.346,32.3,No,Resting,11.05,Focused
1319,1,7,181413,4.856,2.497,7.901,4.721,3.506,32.52,No,Resting,91.45,Distracted
1320,8,1,412289,3.888,5.734,0.837,6.762,2.317,10.6,Yes,Resting,27.63,Distracted
1321,29,1,364543,4.15,5.705,1.628,4.678,1.602,17.55,Yes,Visual Stimulus,57.56,Fatigued
1322,39,3,468731,0.648,1.297,3.676,7.125,0.54,13.16,No,Visual Stimulus,11.72,Distracted
1323,3,10,413532,2.605,1.475,1.898,6.523,3.792,16.06,No,Visual Stimulus,26.95,Relaxed
1324,32,4,157255,3.41,5.245,3.229,1.589,2.168,25.28,Yes,Motor Imagery,40.4,Distracted
1325,10,4,548912,4.235,2.66,1.468,7.92,1.203,17.77,No,Cognitive Load,48.7,Fatigued
1326,10,2,478997,0.722,0.524,3.924,7.346,1.466,24.62,No,Cognitive Load,0.01,Focused
1327,19,1,570993,4.336,2.006,2.538,6.73,1.156,20.35,No,Resting,88.87,Distracted
1328,46,3,419972,2.968,3.787,3.139,1.973,2.447,15.03,No,Resting,0.77,Focused
1329,34,4,68369,1.388,4.896,1.207,3.046,3.727,8.34,No,Visual Stimulus,77.37,Focused
1330,33,3,201893,1.928,1.234,3.711,4.235,3.441,36.21,Yes,Cognitive Load,47.06,Relaxed
1331,23,8,271733,1.769,1.108,7.874,3.159,1.895,5.4,Yes,Cognitive Load,52.39,Relaxed
1332,28,10,76425,2.889,5.572,2.966,2.664,3.323,5.06,Yes,Motor Imagery,20.83,Distracted
1333,32,1,496297,0.733,4.631,7.073,8.151,1.75,33.94,No,Visual Stimulus,60.74,Focused
1334,50,2,540282,1.213,3.744,6.824,6.563,1.084,39.89,No,Visual Stimulus,53.72,Fatigued
1335,7,7,111915,4.157,4.731,7.64,5.872,3.935,30.45,No,Cognitive Load,16.42,Focused
1336,29,4,385105,1.097,2.859,6.426,2.647,1.285,5.53,No,Cognitive Load,23.81,Focused
1337,8,8,483414,1.55,4.672,5.447,9.222,1.363,12.93,No,Motor Imagery,6.69,Relaxed
1338,1,3,104672,2.54,2.545,6.924,2.316,3.96,39.01,No,Motor Imagery,6.63,Relaxed
1339,3,6,279349,2.827,1.843,1.067,8.052,0.622,33.3,No,Visual Stimulus,1.38,Relaxed
1340,24,9,318821,3.936,4.51,3.971,9.683,3.066,24.84,No,Motor Imagery,22.05,Relaxed
1341,23,1,32930,2.513,2.808,7.919,7.407,3.75,13.29,No,Cognitive Load,67.97,Distracted
1342,8,1,73313,4.054,5.898,6.272,9.932,2.096,5.5,No,Visual Stimulus,31.62,Distracted
1343,47,8,113153,3.283,2.422,7.716,6.685,0.11,5.73,No,Cognitive Load,34.27,Focused
1344,37,3,485725,1.009,5.57,6.347,2.566,1.563,26.42,No,Visual Stimulus,13.19,Distracted
1345,3,5,232911,1.203,5.631,7.062,2.436,0.535,5.76,Yes,Visual Stimulus,57.55,Fatigued
1346,33,1,96058,2.467,1.83,5.799,3.583,1.723,39.78,No,Cognitive Load,34.21,Focused
1347,28,5,87876,2.286,4.89,6.204,0.568,3.181,11.42,No,Visual Stimulus,67.63,Focused
1348,47,6,537691,3.846,2.882,4.424,6.976,1.811,29.87,Yes,Visual Stimulus,74.15,Fatigued
1349,8,8,342196,3.113,5.546,7.432,3.052,1.785,10.43,Yes,Motor Imagery,58.47,Focused
1350,34,3,261420,2.247,2.976,6.688,8.244,2.271,23.9,No,Cognitive Load,27.61,Fatigued
1351,35,3,477843,1.268,4.594,6.829,3.912,2.369,7.82,No,Cognitive Load,50.86,Relaxed
1352,32,10,335639,1.521,3.068,5.548,5.06,3.44,31.84,No,Motor Imagery,25.19,Relaxed
1353,24,9,163004,3.09,1.753,2.784,9.674,1.303,25.47,No,Visual Stimulus,90.29,Relaxed
1354,14,4,358234,2.405,1.596,0.767,2.801,3.305,8.02,Yes,Resting,76.64,Fatigued
1355,32,4,298845,2.817,2.84,7.517,7.352,2.307,34.7,No,Resting,49.3,Distracted
1356,46,7,396601,1.268,4.655,4.896,7.674,1.272,24.15,No,Cognitive Load,96.55,Distracted
1357,43,2,581529,3.483,3.828,2.736,2.599,1.251,37.26,No,Motor Imagery,54.68,Focused
1358,16,8,65030,4.336,4.287,1.619,5.259,1.508,37.08,No,Visual Stimulus,32.85,Relaxed
1359,4,6,164404,1.661,2.053,6.721,3.827,2.529,37.22,No,Motor Imagery,9.55,Relaxed
1360,37,3,207397,2.712,3.148,6.774,7.833,1.0,7.72,No,Visual Stimulus,54.37,Focused
1361,21,9,479702,4.89,0.744,6.609,6.414,3.689,9.23,No,Cognitive Load,86.04,Relaxed
1362,14,5,418779,2.0,4.996,5.338,5.022,2.342,39.57,Yes,Cognitive Load,86.67,Relaxed
1363,31,8,105185,3.178,5.944,3.245,7.904,3.688,22.07,No,Resting,60.46,Fatigued
1364,48,7,36404,0.906,2.738,2.781,2.734,0.281,13.34,Yes,Motor Imagery,39.34,Focused
1365,18,8,55182,3.227,0.56,0.564,7.659,1.436,31.94,No,Cognitive Load,65.03,Fatigued
1366,7,7,295135,0.903,1.434,6.752,8.721,0.189,14.25,No,Motor Imagery,76.21,Relaxed
1367,10,3,345992,4.817,4.089,1.156,8.847,1.162,30.45,No,Cognitive Load,41.16,Relaxed
1368,7,2,225461,3.72,3.866,5.231,7.945,3.462,34.31,No,Visual Stimulus,47.63,Focused
1369,33,7,488195,4.047,4.833,4.281,4.376,0.243,32.45,No,Visual Stimulus,68.06,Relaxed
1370,23,3,572285,3.668,1.896,4.45,9.827,1.801,14.59,No,Resting,87.67,Distracted
1371,21,3,531458,3.154,4.7,7.45,4.106,0.559,19.06,No,Cognitive Load,79.1,Fatigued
1372,19,2,144375,2.525,4.284,0.737,6.567,1.726,19.46,No,Resting,2.24,Fatigued
1373,48,4,333887,4.363,2.275,6.3,2.03,3.372,22.19,No,Resting,12.44,Distracted
1374,19,8,471068,4.806,3.5,0.89,9.814,2.53,10.86,No,Cognitive Load,85.28,Focused
1375,36,1,35187,2.746,1.31,0.786,7.188,2.973,20.84,No,Cognitive Load,83.38,Focused
1376,29,1,38090,4.692,2.989,3.724,7.657,1.462,22.88,No,Visual Stimulus,38.88,Relaxed
1377,18,5,469984,3.125,5.347,0.973,1.125,3.783,23.61,No,Resting,58.43,Focused
1378,2,5,318174,2.923,2.817,6.419,7.752,2.866,33.7,No,Visual Stimulus,90.58,Distracted
1379,1,1,541797,2.545,5.118,4.472,7.86,1.745,23.11,No,Motor Imagery,91.16,Focused
1380,47,6,68653,1.442,3.746,0.718,6.882,1.763,13.08,No,Motor Imagery,78.31,Relaxed
1381,5,1,391770,0.517,1.555,0.804,3.273,3.683,28.21,No,Resting,20.96,Distracted
1382,20,5,266186,1.587,3.696,5.095,5.152,2.348,32.91,No,Resting,73.03,Relaxed
1383,11,9,193646,2.794,3.283,6.546,1.549,2.855,16.18,No,Cognitive Load,10.11,Fatigued
1384,42,5,299345,2.21,2.693,3.783,4.98,1.726,27.59,No,Cognitive Load,89.39,Fatigued
1385,2,6,538304,2.518,1.158,4.659,2.816,0.972,10.14,No,Resting,14.91,Focused
1386,3,8,287166,4.913,2.792,6.499,3.816,2.922,16.97,Yes,Resting,66.23,Distracted
1387,23,1,552226,2.076,0.9,5.079,2.045,2.471,36.82,No,Motor Imagery,61.02,Distracted
1388,12,2,174750,2.535,1.043,2.186,2.686,2.055,36.9,Yes,Visual Stimulus,77.69,Distracted
1389,20,9,260710,1.101,2.788,5.098,1.227,2.534,25.14,No,Motor Imagery,55.16,Relaxed
1390,5,3,232320,0.716,2.18,5.212,9.239,0.912,29.58,Yes,Motor Imagery,5.96,Distracted
1391,37,6,367658,3.989,5.59,6.006,5.539,3.196,34.89,Yes,Visual Stimulus,70.58,Focused
1392,38,5,76478,3.068,2.566,5.157,4.269,3.798,38.55,No,Resting,38.32,Fatigued
1393,30,2,405377,3.923,4.668,7.769,5.583,3.575,22.15,No,Resting,32.03,Focused
1394,9,7,127101,1.174,3.416,1.98,6.469,1.354,24.66,No,Motor Imagery,99.17,Fatigued
1395,34,4,356843,3.073,4.372,7.633,9.258,1.683,19.55,No,Motor Imagery,59.04,Fatigued
1396,44,1,494527,1.641,1.931,4.538,2.198,3.253,7.52,No,Visual Stimulus,71.07,Focused
1397,35,4,361417,1.526,5.68,5.54,3.308,2.421,19.8,No,Cognitive Load,52.63,Fatigued
1398,22,6,588033,0.552,3.415,1.246,9.77,2.237,32.67,No,Cognitive Load,77.0,Fatigued
1399,44,7,132283,1.087,5.072,3.354,4.026,3.714,33.17,No,Resting,75.21,Relaxed
1400,24,7,393445,1.892,2.508,6.27,0.714,2.19,36.23,No,Cognitive Load,65.71,Focused
1401,17,7,381116,1.026,1.051,5.802,1.903,2.108,6.8,No,Resting,99.77,Focused
1402,10,3,441758,4.936,4.205,0.801,0.75,0.264,23.45,No,Resting,45.98,Focused
1403,30,6,101489,1.889,0.543,4.599,9.904,0.371,8.76,Yes,Resting,70.62,Fatigued
1404,46,8,556107,1.086,3.114,1.162,3.149,0.129,12.03,No,Visual Stimulus,79.78,Distracted
1405,23,4,47779,1.396,1.56,7.969,9.274,3.662,36.51,No,Motor Imagery,37.6,Distracted
1406,32,8,354388,3.145,3.951,7.23,9.961,1.693,22.39,Yes,Cognitive Load,45.72,Fatigued
1407,17,2,589872,0.788,5.887,0.658,6.198,1.927,31.55,No,Visual Stimulus,96.92,Distracted
1408,50,10,413166,4.381,3.054,6.94,0.815,3.397,7.25,Yes,Cognitive Load,3.23,Distracted
1409,17,9,248815,4.827,4.996,7.396,1.275,2.476,19.59,No,Visual Stimulus,33.53,Fatigued
1410,14,9,377218,1.61,3.293,3.152,5.075,2.477,28.6,No,Cognitive Load,48.62,Focused
1411,9,8,361417,2.525,3.227,5.896,4.359,1.256,9.67,No,Cognitive Load,0.15,Relaxed
1412,40,10,254957,0.6,5.617,3.816,6.259,3.352,16.4,No,Motor Imagery,89.91,Focused
1413,2,10,595644,3.383,5.395,5.414,4.669,0.747,7.26,No,Cognitive Load,28.62,Focused
1414,45,1,145364,2.363,4.822,3.052,9.374,0.307,27.8,No,Visual Stimulus,25.77,Focused
1415,25,2,527340,1.715,2.129,2.919,5.58,0.847,38.98,No,Cognitive Load,82.03,Relaxed
1416,39,6,306521,1.431,3.498,3.683,7.09,1.144,33.95,Yes,Motor Imagery,27.8,Focused
1417,9,10,198910,3.443,1.731,1.592,9.017,1.201,39.11,No,Cognitive Load,65.76,Distracted
1418,22,5,329963,2.373,2.942,6.734,1.895,2.715,34.6,No,Visual Stimulus,82.15,Relaxed
1419,43,9,146692,1.308,3.163,3.115,2.682,0.95,34.93,No,Cognitive Load,79.25,Distracted
1420,46,5,30461,3.601,5.074,3.501,1.52,2.739,25.2,No,Motor Imagery,78.2,Relaxed
1421,4,2,9472,3.043,5.428,7.205,1.827,0.455,23.14,No,Motor Imagery,8.86,Distracted
1422,26,10,112036,4.364,2.78,4.225,5.37,0.674,19.22,Yes,Motor Imagery,7.98,Focused
1423,29,4,188674,1.029,0.597,4.582,3.551,2.084,33.63,Yes,Motor Imagery,30.68,Focused
1424,45,9,287667,4.035,5.24,7.674,4.52,3.695,11.37,No,Resting,3.59,Focused
1425,34,1,590348,3.531,1.459,7.15,9.834,3.452,6.97,No,Motor Imagery,50.04,Distracted
1426,23,1,271223,1.018,3.92,1.771,1.989,3.878,38.18,Yes,Cognitive Load,39.48,Distracted
1427,37,7,322870,3.627,0.637,4.049,5.638,2.637,5.13,No,Cognitive Load,55.7,Fatigued
1428,11,3,355050,2.487,2.697,7.785,1.439,2.736,39.19,Yes,Cognitive Load,29.88,Distracted
1429,6,10,278676,4.752,5.923,3.293,3.526,2.538,30.51,No,Cognitive Load,48.58,Relaxed
1430,18,2,475573,1.137,1.054,3.287,5.511,2.529,16.5,No,Resting,33.47,Focused
1431,21,9,43162,3.393,2.83,1.963,9.493,0.674,29.42,Yes,Resting,19.52,Relaxed
1432,42,3,273497,2.219,2.189,1.357,4.217,2.221,33.63,No,Resting,64.94,Fatigued
1433,36,2,112313,4.806,5.478,6.052,1.117,1.606,13.59,Yes,Cognitive Load,67.34,Fatigued
1434,41,8,28477,1.985,5.281,6.275,4.188,1.826,31.98,No,Visual Stimulus,82.92,Distracted
1435,38,10,86373,4.83,1.807,7.768,1.885,2.142,33.15,No,Visual Stimulus,87.48,Focused
1436,34,6,528839,4.557,0.947,6.301,2.685,0.601,13.73,Yes,Cognitive Load,70.45,Relaxed
1437,17,6,68359,1.717,3.949,2.325,6.372,1.502,6.47,No,Motor Imagery,68.75,Fatigued
1438,37,10,448096,4.116,2.35,0.801,1.141,0.347,12.14,No,Motor Imagery,5.67,Fatigued
1439,25,7,143988,4.98,4.196,7.891,4.915,3.921,12.02,No,Cognitive Load,10.98,Relaxed
1440,38,7,126150,1.637,0.677,3.053,6.29,0.562,7.28,No,Motor Imagery,81.26,Fatigued
1441,12,6,473919,2.465,1.234,2.84,4.508,1.108,30.41,Yes,Motor Imagery,23.3,Relaxed
1442,23,4,309780,2.841,4.275,7.295,0.682,3.576,18.3,No,Visual Stimulus,35.56,Focused
1443,42,9,467143,1.827,1.668,4.888,9.862,1.983,35.95,No,Cognitive Load,14.53,Distracted
1444,22,6,351060,0.569,5.217,2.112,3.988,0.629,13.83,No,Resting,19.52,Relaxed
1445,21,4,107967,1.491,0.822,7.168,7.896,1.598,20.86,No,Visual Stimulus,77.54,Focused
1446,27,3,94455,1.769,1.685,7.95,3.594,0.552,27.37,No,Cognitive Load,26.19,Relaxed
1447,31,4,461063,2.496,5.992,1.15,5.013,0.881,35.71,No,Cognitive Load,44.9,Fatigued
1448,6,3,175405,1.27,2.882,6.967,4.19,0.303,23.36,No,Visual Stimulus,15.17,Focused
1449,27,2,239646,4.43,4.366,3.429,3.754,1.809,18.07,No,Motor Imagery,67.79,Relaxed
1450,40,5,189937,3.672,1.505,4.431,0.708,3.246,35.35,No,Motor Imagery,72.83,Focused
1451,34,2,472312,0.883,3.854,7.361,3.92,2.385,15.86,No,Visual Stimulus,36.17,Relaxed
1452,12,6,385007,3.425,4.494,7.8,8.95,2.465,7.78,No,Cognitive Load,78.47,Relaxed
1453,45,3,61192,3.441,2.23,2.466,7.059,0.882,20.58,No,Resting,23.99,Focused
1454,7,6,191758,4.803,5.059,2.096,1.882,1.441,32.48,No,Cognitive Load,69.19,Focused
1455,10,10,235161,0.514,3.819,1.104,6.116,3.396,6.08,No,Resting,73.0,Focused
1456,45,9,286287,1.616,2.64,4.713,8.976,0.443,25.51,No,Resting,96.87,Fatigued
1457,17,1,107044,4.675,3.567,0.602,7.15,3.446,25.81,Yes,Cognitive Load,23.23,Distracted
1458,26,6,505173,4.695,3.672,3.589,1.913,1.986,37.5,No,Cognitive Load,9.37,Relaxed
1459,21,9,181062,3.743,1.41,1.05,8.744,3.365,15.03,No,Cognitive Load,26.3,Relaxed
1460,28,4,456104,3.946,2.715,3.539,3.365,1.34,14.76,No,Resting,12.29,Focused
1461,46,2,69351,0.912,2.389,0.799,4.814,1.421,20.42,No,Motor Imagery,16.97,Relaxed
1462,2,4,490588,2.812,2.705,6.764,5.498,3.031,17.49,No,Resting,33.41,Distracted
1463,43,1,234085,1.542,4.686,2.073,8.58,3.161,30.77,No,Resting,41.4,Distracted
1464,1,3,498095,1.315,3.154,2.962,9.35,0.996,27.46,No,Resting,90.37,Relaxed
1465,36,10,70309,4.146,5.672,7.025,9.332,3.894,31.56,No,Visual Stimulus,19.56,Relaxed
1466,26,9,119156,1.108,2.115,6.097,0.576,0.43,33.7,No,Motor Imagery,97.18,Focused
1467,29,10,338144,2.609,2.786,2.143,9.258,0.367,37.3,Yes,Resting,81.02,Distracted
1468,21,5,441848,4.724,4.828,1.039,1.017,2.422,20.08,No,Resting,88.15,Relaxed
1469,11,6,21576,1.336,3.503,5.868,3.025,2.919,39.46,No,Visual Stimulus,92.94,Distracted
1470,40,3,527608,4.901,3.509,3.43,5.392,3.847,12.55,No,Resting,75.32,Relaxed
1471,11,5,184535,4.974,0.793,6.246,5.059,1.679,30.0,No,Motor Imagery,78.88,Fatigued
1472,36,8,26572,3.0,2.692,3.84,6.245,0.199,23.69,Yes,Resting,43.78,Distracted
1473,49,6,280092,1.266,1.989,3.095,5.055,2.451,33.59,No,Motor Imagery,51.05,Fatigued
1474,39,4,520114,1.922,5.996,3.884,9.377,1.23,21.69,No,Motor Imagery,93.25,Focused
1475,40,2,89051,2.41,2.196,6.114,2.785,1.788,32.44,No,Cognitive Load,37.83,Distracted
1476,35,9,191303,1.892,5.365,7.267,3.103,2.005,37.56,No,Visual Stimulus,4.19,Relaxed
1477,34,1,203305,1.763,4.219,0.873,9.247,0.352,30.63,No,Visual Stimulus,76.28,Relaxed
1478,47,1,306822,4.875,2.375,4.431,1.229,1.995,32.16,No,Visual Stimulus,57.32,Fatigued
1479,24,4,457576,1.19,3.489,0.746,6.291,1.763,7.35,No,Cognitive Load,81.49,Distracted
1480,22,7,573722,3.8,5.123,4.013,6.976,2.879,12.17,Yes,Cognitive Load,7.56,Distracted
1481,5,1,66617,0.502,5.359,7.14,5.303,2.618,39.1,No,Motor Imagery,62.12,Distracted
1482,33,9,510874,3.183,1.382,3.212,7.095,0.822,29.26,No,Visual Stimulus,24.77,Focused
1483,36,4,369792,4.622,2.368,7.493,2.141,0.904,24.65,No,Cognitive Load,90.33,Distracted
1484,47,3,81494,1.796,2.344,5.23,8.6,1.079,17.84,No,Cognitive Load,10.99,Focused
1485,20,1,82867,1.335,0.731,7.506,1.83,0.798,6.55,Yes,Cognitive Load,84.31,Relaxed
1486,19,10,168600,3.433,3.79,6.179,4.308,2.663,17.92,No,Motor Imagery,8.86,Fatigued
1487,35,4,458818,3.707,5.202,1.276,1.215,3.978,22.46,No,Resting,2.51,Fatigued
1488,43,9,254265,3.596,2.599,2.234,5.68,2.643,12.4,No,Cognitive Load,23.51,Distracted
1489,17,10,519493,1.937,4.57,3.456,6.863,2.466,11.06,Yes,Cognitive Load,33.3,Fatigued
1490,45,6,164404,1.635,3.952,1.776,9.442,1.699,22.79,No,Cognitive Load,62.65,Distracted
1491,43,6,484353,4.802,2.566,4.212,7.524,1.319,25.51,No,Visual Stimulus,13.17,Relaxed
1492,34,1,264395,4.655,1.276,4.035,5.64,3.653,13.4,No,Visual Stimulus,43.73,Relaxed
1493,9,10,97382,2.558,4.401,7.672,9.36,3.879,25.56,No,Cognitive Load,20.43,Relaxed
1494,26,2,479767,4.308,5.2,3.753,5.045,2.037,36.51,No,Motor Imagery,85.53,Fatigued
1495,2,6,9583,2.535,4.272,6.392,5.831,1.232,21.56,Yes,Resting,4.5,Distracted
1496,9,2,574675,2.41,0.598,7.564,6.163,3.103,35.01,No,Visual Stimulus,35.59,Focused
1497,9,3,285248,1.205,1.689,7.077,4.395,0.617,37.45,No,Resting,63.14,Relaxed
1498,40,4,536512,2.419,0.882,2.065,8.466,3.086,8.23,Yes,Cognitive Load,91.31,Relaxed
1499,17,5,449274,2.918,3.637,4.22,2.259,3.294,8.35,Yes,Visual Stimulus,86.8,Focused
1500,1,9,227444,0.601,4.661,3.108,5.771,0.587,21.66,No,Resting,89.52,Focused
1501,25,4,340716,2.499,1.108,3.499,7.361,3.91,25.58,No,Cognitive Load,6.29,Fatigued
1502,43,9,466690,4.016,5.111,3.206,9.088,3.943,19.91,No,Visual Stimulus,84.09,Relaxed
1503,40,10,266285,3.56,3.555,6.698,8.897,3.753,16.43,Yes,Cognitive Load,77.99,Fatigued
1504,42,3,468298,3.358,4.295,3.891,5.333,2.035,27.43,No,Visual Stimulus,90.24,Relaxed
1505,25,8,136149,4.593,5.843,4.428,6.61,1.06,5.07,Yes,Resting,31.16,Fatigued
1506,39,1,570303,0.581,0.96,7.868,4.245,2.37,38.88,No,Resting,91.18,Fatigued
1507,35,9,171929,3.007,5.457,0.95,4.948,1.738,13.12,No,Visual Stimulus,40.26,Focused
1508,3,9,190912,4.043,1.194,4.16,9.11,0.903,37.1,No,Motor Imagery,63.41,Distracted
1509,50,10,5577,2.936,2.661,6.305,9.342,1.752,8.82,No,Cognitive Load,42.42,Distracted
1510,37,2,50711,1.958,5.183,1.634,9.006,2.689,13.33,Yes,Resting,42.76,Distracted
1511,44,4,563739,1.113,5.484,5.086,1.815,0.377,13.22,No,Motor Imagery,54.66,Relaxed
1512,44,8,493027,4.494,3.285,2.296,8.576,1.4,39.87,No,Visual Stimulus,35.59,Focused
1513,30,7,421863,2.618,3.768,7.006,9.509,0.169,5.16,No,Resting,79.27,Focused
1514,38,1,559119,4.452,4.395,2.953,3.932,3.023,27.39,No,Resting,63.36,Focused
1515,34,5,249402,3.136,5.08,2.968,5.427,2.599,35.44,No,Cognitive Load,68.98,Relaxed
1516,12,7,244942,3.534,1.168,4.986,7.901,0.344,28.53,No,Motor Imagery,23.1,Fatigued
1517,19,4,95119,4.119,4.955,1.877,5.84,3.862,17.7,No,Cognitive Load,96.96,Fatigued
1518,37,1,342776,3.466,3.147,2.637,9.938,0.188,38.54,No,Visual Stimulus,66.02,Distracted
1519,44,9,585842,2.291,2.978,3.625,4.829,2.401,36.27,No,Resting,19.72,Distracted
1520,49,5,50755,2.811,2.831,3.152,7.282,3.128,20.19,No,Motor Imagery,75.05,Relaxed
1521,17,2,153412,4.114,3.301,4.437,8.03,3.173,25.07,No,Cognitive Load,17.37,Relaxed
1522,10,8,588172,2.181,5.698,4.997,5.194,0.234,38.86,No,Motor Imagery,6.34,Distracted
1523,49,2,541770,2.247,3.515,4.75,8.641,3.635,39.39,No,Visual Stimulus,52.76,Fatigued
1524,47,3,54225,0.931,5.742,5.406,5.688,3.682,20.74,Yes,Resting,55.35,Fatigued
1525,12,10,189921,4.616,1.492,2.808,4.411,2.289,34.66,No,Motor Imagery,18.9,Focused
1526,16,1,599142,0.91,4.483,1.448,1.524,1.98,15.57,No,Visual Stimulus,34.84,Distracted
1527,24,2,565544,3.417,4.967,6.206,4.237,0.275,18.01,Yes,Visual Stimulus,94.58,Distracted
1528,19,7,240617,2.359,4.235,6.881,7.472,2.292,10.77,Yes,Resting,28.5,Fatigued
1529,8,10,108721,2.325,3.838,2.428,9.252,1.697,12.32,No,Cognitive Load,15.56,Focused
1530,31,2,113606,3.558,3.606,3.553,2.891,3.114,27.99,No,Resting,99.26,Distracted
1531,21,6,538938,0.802,5.235,4.239,3.875,1.675,22.88,No,Resting,30.23,Fatigued
1532,17,3,177190,3.172,5.019,4.5,1.963,2.766,13.09,No,Motor Imagery,68.03,Fatigued
1533,23,4,28930,3.974,1.173,5.446,7.062,0.495,19.1,Yes,Motor Imagery,23.16,Fatigued
1534,37,8,260102,4.227,5.167,0.812,9.622,0.619,18.06,No,Cognitive Load,55.01,Focused
1535,16,3,362544,1.267,2.777,5.911,6.589,0.645,39.56,Yes,Visual Stimulus,38.63,Focused
1536,6,10,273945,4.538,1.895,0.965,6.362,0.278,34.87,No,Motor Imagery,96.16,Fatigued
1537,8,6,575648,3.453,5.284,4.012,5.758,2.211,18.58,No,Cognitive Load,43.28,Focused
1538,25,1,147631,4.468,2.876,6.708,1.34,3.196,36.99,No,Resting,58.42,Focused
1539,18,7,294478,2.684,4.946,3.884,7.43,2.481,16.99,No,Visual Stimulus,94.48,Focused
1540,25,8,236545,2.939,1.949,1.618,6.219,2.342,28.38,No,Resting,98.92,Focused
1541,12,8,13288,4.636,0.522,7.888,6.784,2.754,38.83,No,Visual Stimulus,10.17,Relaxed
1542,15,3,207302,4.55,3.225,7.17,9.039,1.425,18.66,No,Motor Imagery,83.43,Distracted
1543,26,10,280195,2.517,1.051,6.285,7.948,1.512,28.8,No,Resting,38.21,Distracted
1544,41,1,61715,1.735,4.649,3.586,7.919,1.326,15.36,No,Resting,59.48,Focused
1545,45,9,10737,2.269,2.018,1.879,9.308,2.877,14.32,Yes,Visual Stimulus,37.5,Fatigued
1546,26,6,589428,2.245,2.94,7.561,9.904,0.73,25.1,No,Cognitive Load,40.11,Distracted
1547,47,9,182047,1.791,0.979,4.493,6.022,0.151,39.27,No,Visual Stimulus,15.89,Focused
1548,32,7,267291,1.709,2.077,6.893,1.534,2.425,20.86,No,Motor Imagery,57.28,Distracted
1549,10,1,574796,4.375,4.798,3.066,4.862,3.775,37.82,No,Cognitive Load,54.67,Fatigued
1550,16,1,314368,0.814,1.334,3.015,7.982,2.477,37.0,Yes,Resting,18.94,Focused
1551,7,6,281787,3.549,4.059,7.892,0.763,3.153,13.88,No,Resting,54.17,Fatigued
1552,17,5,301111,1.278,5.546,4.414,1.04,2.724,19.06,No,Resting,97.31,Distracted
1553,23,9,103535,2.05,4.239,1.555,1.138,2.04,27.52,No,Motor Imagery,71.44,Relaxed
1554,26,2,296952,0.777,4.961,2.148,7.445,2.902,23.13,No,Resting,48.1,Fatigued
1555,21,8,512438,1.715,1.099,4.115,5.261,3.314,8.36,No,Resting,91.61,Focused
1556,22,5,583247,3.958,1.879,0.819,4.005,0.976,39.78,Yes,Cognitive Load,57.53,Focused
1557,7,2,395065,4.483,5.42,3.969,1.503,1.411,31.34,No,Motor Imagery,13.5,Fatigued
1558,14,10,330322,1.497,4.433,3.642,7.456,0.973,20.32,Yes,Resting,54.75,Relaxed
1559,15,6,191812,2.586,4.018,6.345,3.55,1.863,26.64,No,Cognitive Load,18.1,Distracted
1560,7,10,112255,2.616,4.151,3.162,3.021,3.552,8.07,No,Resting,76.75,Distracted
1561,9,8,508522,4.431,2.778,7.869,6.697,1.446,22.34,No,Cognitive Load,96.72,Distracted
1562,48,4,1132,3.933,0.745,1.856,5.811,1.56,37.58,No,Resting,36.08,Distracted
1563,8,2,259427,2.809,4.814,4.932,3.943,3.455,36.38,No,Motor Imagery,43.49,Distracted
1564,50,5,431779,3.518,4.233,1.173,6.594,2.11,16.81,Yes,Visual Stimulus,42.15,Focused
1565,23,2,485443,4.313,3.1,6.004,3.077,2.188,23.6,No,Motor Imagery,28.53,Focused
1566,29,2,142003,0.543,5.449,7.961,8.051,3.457,29.41,Yes,Cognitive Load,79.42,Fatigued
1567,18,6,597457,2.313,2.349,6.644,2.679,2.013,16.9,No,Resting,61.77,Fatigued
1568,31,10,260529,4.583,2.119,4.668,2.009,2.758,7.27,No,Motor Imagery,6.41,Distracted
1569,30,9,443855,3.831,5.3,4.136,7.933,0.434,22.69,Yes,Resting,83.88,Distracted
1570,39,4,253608,2.943,4.883,6.763,7.225,0.797,26.06,No,Motor Imagery,18.71,Distracted
1571,35,6,525332,2.883,3.332,7.52,2.235,1.677,5.2,No,Cognitive Load,97.92,Relaxed
1572,18,7,177763,2.065,1.219,7.919,1.604,2.03,8.35,No,Visual Stimulus,37.67,Fatigued
1573,42,6,231807,2.842,1.683,3.474,8.465,3.866,12.26,No,Motor Imagery,61.64,Focused
1574,39,8,24363,3.449,4.109,7.932,7.878,3.886,17.18,No,Resting,7.78,Distracted
1575,17,4,308838,2.383,2.618,1.669,3.609,3.42,23.94,No,Resting,34.47,Fatigued
1576,14,1,394798,3.714,5.101,2.402,6.753,1.331,15.28,No,Resting,80.24,Relaxed
1577,31,7,336473,4.376,5.725,1.168,1.68,3.86,14.67,No,Cognitive Load,47.72,Relaxed
1578,24,3,1620,1.196,4.931,2.538,5.317,2.788,35.43,No,Cognitive Load,90.46,Distracted
1579,35,6,324368,2.532,2.576,6.26,0.678,1.632,10.08,No,Visual Stimulus,57.51,Focused
1580,44,2,449871,2.336,4.838,6.897,4.22,2.837,22.34,Yes,Resting,92.86,Fatigued
1581,45,9,95419,3.594,2.433,6.342,1.211,0.164,38.35,No,Visual Stimulus,98.26,Focused
1582,34,1,496712,1.624,1.419,5.233,5.014,0.67,26.88,Yes,Resting,45.39,Distracted
1583,3,6,180324,3.381,0.684,4.355,4.506,3.336,30.1,No,Motor Imagery,56.52,Distracted
1584,37,6,317953,4.449,2.621,5.815,4.722,2.618,20.09,No,Motor Imagery,83.49,Relaxed
1585,43,5,546547,2.382,5.47,3.431,0.931,1.52,5.7,No,Motor Imagery,22.15,Relaxed
1586,40,5,20655,4.6,1.814,6.81,3.935,2.053,27.61,Yes,Resting,86.16,Fatigued
1587,26,1,450400,4.969,1.636,5.579,7.687,3.63,27.12,No,Motor Imagery,59.19,Distracted
1588,23,10,21602,0.977,5.834,5.734,4.005,2.563,8.86,No,Resting,72.55,Distracted
1589,44,5,342962,1.549,0.638,4.52,7.294,1.653,21.18,Yes,Visual Stimulus,7.99,Fatigued
1590,39,2,525825,4.777,4.822,7.139,4.01,0.569,37.04,No,Cognitive Load,76.62,Focused
1591,15,7,410354,4.812,2.268,2.39,4.521,1.246,12.18,No,Motor Imagery,31.08,Relaxed
1592,49,3,171236,0.94,0.706,3.359,5.857,3.916,21.14,Yes,Resting,80.52,Distracted
1593,4,4,89743,0.567,5.548,6.332,9.531,1.806,21.14,No,Resting,50.92,Distracted
1594,29,3,447875,1.225,1.268,4.196,1.534,1.94,33.38,No,Visual Stimulus,27.46,Focused
1595,22,3,86155,4.982,3.535,7.169,0.813,2.045,33.86,No,Visual Stimulus,95.28,Focused
1596,25,4,89846,1.31,2.007,3.098,6.276,3.548,31.57,No,Cognitive Load,76.51,Focused
1597,13,5,292706,2.761,0.859,3.27,9.516,2.455,17.79,No,Visual Stimulus,98.57,Relaxed
1598,18,1,239647,4.318,0.775,7.166,9.902,2.805,7.52,Yes,Cognitive Load,36.45,Fatigued
1599,33,4,330825,0.592,1.136,3.983,5.1,1.619,17.23,No,Cognitive Load,64.92,Distracted
1600,16,8,289962,3.22,0.893,4.371,4.947,0.213,28.79,Yes,Visual Stimulus,61.16,Relaxed
1601,45,10,319849,1.747,4.683,2.996,6.627,3.731,29.6,No,Cognitive Load,68.76,Focused
1602,42,7,544392,4.381,3.171,2.575,5.779,3.802,38.78,No,Motor Imagery,3.83,Distracted
1603,44,9,386480,1.776,2.386,5.42,6.524,3.802,20.88,Yes,Cognitive Load,29.17,Distracted
1604,2,5,424632,3.59,2.801,1.399,8.803,3.78,27.14,Yes,Resting,90.93,Relaxed
1605,35,10,173084,3.534,5.609,7.095,7.59,3.279,23.87,No,Resting,42.38,Focused
1606,42,4,524156,1.497,5.509,6.344,5.22,2.77,10.27,Yes,Resting,96.06,Focused
1607,34,8,461261,0.657,4.436,1.931,4.888,3.394,21.14,No,Visual Stimulus,21.35,Fatigued
1608,30,9,310414,2.342,5.366,5.705,6.576,2.442,24.07,No,Resting,99.74,Focused
1609,13,7,203141,1.801,2.258,5.02,4.829,0.624,38.28,No,Visual Stimulus,69.76,Relaxed
1610,13,7,443049,4.14,2.596,1.884,4.849,1.626,17.83,No,Resting,77.64,Fatigued
1611,18,5,194716,4.102,3.875,2.549,0.655,3.888,39.3,No,Cognitive Load,39.69,Fatigued
1612,32,4,331612,2.557,3.93,3.567,2.154,1.469,23.98,Yes,Visual Stimulus,90.7,Fatigued
1613,32,10,190545,3.229,3.149,5.744,5.141,3.485,13.49,No,Resting,54.55,Fatigued
1614,35,1,431544,3.219,2.704,5.29,8.315,0.464,11.71,No,Cognitive Load,68.09,Fatigued
1615,39,10,430000,4.222,5.924,4.492,3.148,1.403,9.96,No,Visual Stimulus,9.48,Relaxed
1616,46,10,23723,2.413,5.016,6.263,5.465,1.469,20.85,No,Cognitive Load,63.17,Distracted
1617,29,7,524362,1.74,2.892,6.185,3.777,0.301,5.77,No,Cognitive Load,87.91,Focused
1618,49,1,288642,1.693,4.5,5.134,1.496,0.564,20.58,No,Cognitive Load,17.83,Distracted
1619,29,1,413757,2.913,1.983,6.402,9.604,0.853,39.59,Yes,Visual Stimulus,73.77,Distracted
1620,44,5,570217,2.521,1.051,3.007,8.619,3.367,28.45,No,Visual Stimulus,2.54,Focused
1621,16,9,123199,2.481,2.438,7.109,1.246,0.347,31.59,No,Motor Imagery,92.62,Focused
1622,44,6,231525,0.91,2.716,5.112,7.338,1.265,9.17,No,Motor Imagery,98.29,Distracted
1623,47,3,288172,3.734,0.591,6.668,3.802,0.14,21.56,No,Motor Imagery,35.42,Focused
1624,10,3,29545,1.462,4.981,4.597,9.951,2.813,15.02,No,Motor Imagery,10.71,Fatigued
1625,30,7,31673,1.386,2.476,2.138,3.373,2.519,36.29,No,Visual Stimulus,65.86,Focused
1626,25,6,424190,2.357,3.692,4.568,2.768,2.615,11.35,No,Motor Imagery,2.98,Focused
1627,39,9,452115,1.525,0.907,3.283,5.895,1.56,21.06,No,Resting,48.25,Fatigued
1628,20,6,416313,3.127,1.462,5.731,8.434,0.912,25.58,No,Motor Imagery,27.18,Fatigued
1629,5,5,355288,2.172,5.393,4.068,2.329,2.909,22.99,No,Resting,47.33,Fatigued
1630,1,10,326968,2.52,3.848,6.771,7.239,3.263,34.06,Yes,Resting,1.83,Focused
1631,30,7,23525,2.917,5.727,5.586,1.083,0.641,13.1,No,Cognitive Load,5.16,Fatigued
1632,49,1,582092,1.416,5.993,5.634,9.23,1.999,18.21,No,Cognitive Load,1.6,Fatigued
1633,3,7,146115,1.201,2.545,2.129,1.27,1.07,32.72,No,Cognitive Load,61.91,Relaxed
1634,45,3,566134,4.462,2.143,7.882,9.185,0.756,23.48,No,Motor Imagery,56.01,Relaxed
1635,14,9,77261,2.452,5.221,6.813,5.163,2.964,19.07,No,Visual Stimulus,23.32,Focused
1636,30,6,500827,2.354,5.992,6.418,4.757,2.199,6.03,Yes,Resting,64.66,Fatigued
1637,50,9,184100,0.66,3.963,2.977,9.746,0.943,31.37,No,Visual Stimulus,88.42,Focused
1638,4,5,7265,2.741,4.873,4.517,9.909,1.309,39.03,No,Visual Stimulus,27.73,Relaxed
1639,18,7,206724,2.994,4.8,1.528,6.677,3.87,26.71,No,Motor Imagery,83.2,Relaxed
1640,37,4,15733,3.015,2.454,4.539,1.708,3.41,34.98,No,Visual Stimulus,66.25,Fatigued
1641,25,7,299564,3.682,3.658,1.594,5.309,3.532,23.09,No,Visual Stimulus,3.38,Focused
1642,48,1,458365,1.299,5.082,4.648,5.527,1.894,13.11,No,Cognitive Load,37.51,Relaxed
1643,1,7,21058,1.635,4.285,5.365,5.387,2.533,5.51,No,Cognitive Load,50.78,Distracted
1644,46,8,246301,4.148,0.616,3.426,5.91,1.569,27.87,Yes,Resting,73.17,Fatigued
1645,15,5,297073,4.762,2.352,4.239,0.678,0.403,22.26,Yes,Resting,28.71,Focused
1646,9,2,162434,1.112,1.295,7.067,7.257,1.664,32.37,Yes,Cognitive Load,98.27,Distracted
1647,15,5,77597,2.739,1.781,1.314,7.268,2.417,29.31,No,Motor Imagery,68.45,Fatigued
1648,49,6,78209,1.464,5.48,6.438,1.597,1.22,39.58,No,Motor Imagery,37.28,Fatigued
1649,24,2,192941,0.77,0.703,1.781,5.917,3.407,22.86,No,Resting,9.7,Relaxed
1650,4,6,148620,1.965,1.709,0.775,5.899,0.689,19.95,Yes,Cognitive Load,18.14,Focused
1651,12,6,408294,1.147,2.203,1.892,6.983,1.532,15.04,No,Motor Imagery,48.76,Relaxed
1652,37,1,398635,3.695,3.893,6.238,1.311,0.587,21.69,Yes,Visual Stimulus,49.47,Distracted
1653,37,1,166562,2.902,3.438,3.538,6.452,1.679,35.55,No,Resting,76.77,Distracted
1654,43,10,207158,1.147,1.7,7.044,3.167,0.255,6.49,No,Resting,72.62,Distracted
1655,6,3,1468,0.542,1.403,4.435,5.317,1.163,39.23,Yes,Visual Stimulus,20.13,Distracted
1656,39,10,286453,4.137,1.802,0.667,7.847,1.663,39.77,No,Visual Stimulus,59.5,Distracted
1657,46,10,72255,1.293,3.264,5.875,7.204,1.965,25.92,No,Resting,2.06,Focused
1658,24,3,553006,3.228,1.991,1.327,1.63,2.22,16.6,No,Visual Stimulus,39.85,Focused
1659,11,4,225409,2.016,5.712,6.42,6.116,1.172,12.81,No,Motor Imagery,76.41,Fatigued
1660,13,2,239967,3.135,3.051,1.761,9.707,2.14,14.68,No,Resting,39.95,Fatigued
1661,34,9,368697,1.92,0.823,3.091,1.989,2.085,6.75,No,Motor Imagery,83.56,Focused
1662,25,10,375595,0.891,4.511,6.21,8.603,1.333,21.63,No,Resting,97.62,Fatigued
1663,7,7,247113,1.503,2.309,7.657,7.174,3.338,7.01,No,Motor Imagery,60.72,Relaxed
1664,4,7,397111,1.346,4.094,3.286,7.853,2.228,30.15,No,Cognitive Load,14.5,Focused
1665,8,6,582314,2.426,2.038,6.721,3.179,1.396,18.02,No,Motor Imagery,37.97,Relaxed
1666,20,3,567256,3.462,3.639,1.931,3.235,3.795,11.98,Yes,Visual Stimulus,0.95,Distracted
1667,29,6,408548,1.687,4.747,6.554,9.107,3.396,24.07,No,Cognitive Load,60.27,Distracted
1668,45,8,145693,0.554,5.604,5.431,3.918,3.932,39.08,Yes,Resting,82.16,Fatigued
1669,46,8,542462,2.835,1.936,1.946,1.099,2.8,29.33,Yes,Motor Imagery,62.99,Focused
1670,10,9,564790,3.226,2.342,2.769,6.206,1.575,22.21,Yes,Resting,78.61,Distracted
1671,43,1,298818,4.833,3.053,1.488,1.686,1.195,32.19,Yes,Cognitive Load,79.99,Fatigued
1672,34,1,561548,3.153,5.599,3.372,8.068,2.687,30.81,Yes,Visual Stimulus,85.1,Relaxed
1673,26,3,596093,2.62,5.458,2.027,6.597,3.925,36.21,Yes,Visual Stimulus,26.67,Focused
1674,41,3,195991,3.08,0.994,5.33,8.81,2.544,12.16,No,Visual Stimulus,87.13,Fatigued
1675,49,10,185541,4.676,1.226,7.959,7.956,3.538,35.06,No,Resting,65.41,Distracted
1676,3,8,17194,4.228,3.225,0.59,1.565,1.384,15.54,Yes,Visual Stimulus,28.97,Relaxed
1677,6,10,518953,1.953,1.086,4.557,4.12,1.687,37.93,No,Visual Stimulus,98.73,Relaxed
1678,5,1,568011,1.568,2.401,4.802,7.858,3.634,14.84,No,Resting,95.02,Fatigued
1679,5,2,231408,1.682,1.316,7.357,4.465,3.052,37.44,Yes,Resting,57.44,Focused
1680,47,2,468451,2.77,3.998,4.295,9.737,3.928,38.73,No,Cognitive Load,84.32,Fatigued
1681,23,3,242113,3.848,5.722,4.578,7.49,3.122,10.09,No,Visual Stimulus,26.15,Distracted
1682,49,6,76298,2.764,5.982,4.037,0.647,1.849,39.11,No,Cognitive Load,41.6,Focused
1683,9,1,583526,0.805,2.564,2.517,8.86,2.171,8.0,No,Motor Imagery,18.4,Distracted
1684,35,2,259425,3.756,3.795,0.92,1.458,3.612,12.65,No,Motor Imagery,52.01,Relaxed
1685,20,1,510609,4.127,5.209,3.565,1.835,2.251,20.55,No,Motor Imagery,49.6,Relaxed
1686,49,5,107092,1.803,1.146,0.894,7.478,1.096,39.78,No,Motor Imagery,21.28,Distracted
1687,42,7,264291,3.489,4.293,4.629,8.717,1.799,22.1,No,Resting,67.28,Distracted
1688,35,8,229991,2.42,2.749,2.805,5.595,2.114,24.26,No,Cognitive Load,11.78,Relaxed
1689,50,10,300589,4.501,1.634,4.502,3.246,0.477,29.3,No,Cognitive Load,6.17,Fatigued
1690,18,1,192180,4.304,2.715,1.507,3.837,3.001,38.89,No,Resting,38.49,Fatigued
1691,17,7,347761,2.864,0.918,7.495,3.757,0.526,32.42,Yes,Motor Imagery,40.98,Fatigued
1692,24,5,213482,3.612,4.325,7.209,3.603,1.679,12.85,No,Cognitive Load,31.97,Distracted
1693,3,10,599649,4.475,1.89,1.925,2.808,3.238,15.6,No,Visual Stimulus,25.79,Distracted
1694,32,1,428910,2.731,2.213,3.076,6.284,1.924,8.42,No,Resting,33.88,Relaxed
1695,35,3,124232,1.91,1.166,5.101,9.054,3.384,27.56,No,Resting,16.34,Focused
1696,38,7,81171,3.891,5.256,1.218,3.417,1.433,11.33,No,Visual Stimulus,40.35,Fatigued
1697,13,10,376295,1.49,3.214,3.159,2.274,3.835,14.01,Yes,Motor Imagery,90.46,Fatigued
1698,47,1,86296,2.248,3.647,2.383,8.466,0.917,36.08,No,Motor Imagery,22.44,Fatigued
1699,25,7,140562,4.396,3.632,7.366,7.547,0.249,16.44,No,Cognitive Load,68.45,Relaxed
1700,9,5,152324,3.76,2.758,6.894,9.343,3.502,24.83,No,Visual Stimulus,14.18,Focused
1701,4,1,498506,2.317,1.559,4.849,2.072,3.034,18.91,No,Cognitive Load,35.39,Focused
1702,14,1,241535,1.466,4.598,4.403,1.87,1.005,7.59,No,Motor Imagery,32.12,Focused
1703,37,1,332103,2.102,1.199,7.48,5.644,3.94,17.7,No,Cognitive Load,93.7,Fatigued
1704,34,9,403666,1.778,1.071,7.493,6.337,2.059,19.28,No,Visual Stimulus,42.8,Distracted
1705,11,3,318166,1.292,4.406,7.77,5.062,3.809,36.35,No,Visual Stimulus,69.05,Fatigued
1706,41,5,171999,3.845,1.649,1.44,6.19,2.07,16.36,No,Visual Stimulus,60.25,Focused
1707,3,10,311997,1.634,2.187,1.704,2.214,1.94,18.27,No,Motor Imagery,14.1,Relaxed
1708,28,9,31826,2.544,3.114,5.576,5.056,1.852,32.4,No,Resting,93.95,Focused
1709,29,6,596649,2.236,2.971,4.561,6.752,1.406,31.56,No,Resting,34.59,Fatigued
1710,9,9,240028,4.919,4.397,0.638,4.611,2.181,32.94,No,Resting,4.48,Distracted
1711,3,8,340134,2.26,3.929,0.965,6.955,1.865,38.38,No,Cognitive Load,30.04,Focused
1712,25,8,351931,0.86,4.044,7.161,4.786,0.243,32.84,No,Visual Stimulus,33.56,Distracted
1713,34,1,217256,0.904,4.427,7.017,3.669,1.116,19.27,No,Motor Imagery,9.27,Focused
1714,12,9,40736,3.158,2.109,3.18,3.384,0.931,33.75,No,Resting,62.0,Distracted
1715,42,6,286674,3.197,2.273,7.183,4.404,3.483,22.8,No,Resting,34.68,Distracted
1716,9,9,209124,2.384,2.909,4.953,0.719,2.436,14.72,Yes,Cognitive Load,62.91,Focused
1717,15,3,178130,2.443,2.191,6.544,6.851,3.078,15.6,No,Cognitive Load,0.67,Relaxed
1718,40,3,467310,0.743,5.917,3.706,8.529,3.832,12.83,No,Resting,98.2,Fatigued
1719,25,6,336399,2.824,4.977,1.35,3.869,2.612,10.07,No,Visual Stimulus,17.05,Fatigued
1720,5,9,388742,2.771,1.406,3.753,0.937,3.932,11.46,No,Visual Stimulus,65.93,Focused
1721,11,7,224793,1.173,0.531,3.93,9.874,1.316,7.21,No,Cognitive Load,71.58,Distracted
1722,34,3,299531,0.967,0.735,4.632,3.005,0.826,36.1,No,Cognitive Load,17.16,Fatigued
1723,24,3,432859,1.056,1.842,1.292,1.703,1.673,37.59,No,Visual Stimulus,11.17,Distracted
1724,15,2,453572,0.955,1.129,7.936,4.013,1.936,25.54,Yes,Cognitive Load,15.26,Relaxed
1725,38,9,401072,3.244,3.433,2.331,7.516,3.592,34.42,No,Cognitive Load,24.68,Focused
1726,8,3,431385,1.384,5.219,1.989,3.292,2.284,11.42,No,Visual Stimulus,16.82,Relaxed
1727,5,5,293132,1.631,4.552,4.451,5.96,1.24,36.56,No,Visual Stimulus,67.4,Distracted
1728,48,9,503195,1.281,1.686,4.529,4.448,2.996,22.72,No,Motor Imagery,42.08,Distracted
1729,26,8,338592,4.81,2.696,3.799,1.619,2.073,7.35,No,Cognitive Load,53.78,Focused
1730,18,2,375574,4.346,3.293,6.289,3.638,0.732,9.95,No,Cognitive Load,4.73,Distracted
1731,6,3,460522,1.537,4.956,4.375,7.386,2.35,15.81,No,Motor Imagery,86.12,Focused
1732,37,2,274548,1.974,5.115,5.073,6.314,3.654,6.52,No,Cognitive Load,17.06,Focused
1733,48,8,402205,1.445,5.503,5.928,1.638,3.386,15.83,No,Cognitive Load,36.02,Relaxed
1734,13,6,458521,2.713,3.301,0.688,2.052,2.389,7.1,No,Resting,7.19,Fatigued
1735,28,6,429199,0.588,4.319,4.78,6.587,1.571,13.26,No,Resting,13.68,Fatigued
1736,5,9,170534,3.521,1.115,7.131,8.227,0.439,14.3,No,Resting,66.58,Distracted
1737,13,8,281504,2.854,3.609,0.63,3.82,1.932,39.8,No,Motor Imagery,69.26,Fatigued
1738,17,4,419503,4.544,1.868,3.539,6.155,3.033,13.24,No,Cognitive Load,67.7,Distracted
1739,50,4,196544,1.24,2.874,7.447,2.121,1.505,13.37,No,Motor Imagery,55.21,Fatigued
1740,40,9,246512,4.118,3.987,3.149,3.458,1.018,29.04,Yes,Motor Imagery,95.25,Relaxed
1741,45,1,34160,4.064,1.913,3.94,0.693,3.732,35.08,Yes,Cognitive Load,50.72,Fatigued
1742,32,2,268933,1.072,0.787,7.862,7.799,3.304,18.55,No,Visual Stimulus,44.94,Distracted
1743,29,2,158253,2.294,0.556,1.995,4.31,2.589,35.65,No,Visual Stimulus,24.75,Distracted
1744,3,6,65641,1.266,0.622,0.989,8.253,0.633,16.9,No,Cognitive Load,9.88,Fatigued
1745,40,4,231322,1.646,0.546,6.946,7.23,0.665,11.9,No,Visual Stimulus,54.82,Focused
1746,34,10,267688,1.685,1.107,7.013,8.373,0.503,16.54,No,Resting,31.49,Relaxed
1747,40,3,406491,3.003,1.817,4.041,3.214,2.504,26.33,No,Cognitive Load,52.4,Focused
1748,27,3,587536,2.351,1.717,4.357,2.259,0.551,17.85,No,Motor Imagery,20.61,Fatigued
1749,13,3,296694,4.765,5.927,6.769,9.733,3.386,28.55,Yes,Resting,83.82,Focused
1750,45,6,412857,1.069,2.183,6.039,7.315,3.973,13.29,No,Motor Imagery,99.97,Fatigued
1751,33,8,202821,4.882,1.201,2.489,8.423,1.529,29.53,No,Visual Stimulus,32.24,Distracted
1752,6,7,277749,1.538,3.501,0.627,0.625,1.869,17.16,No,Cognitive Load,84.23,Focused
1753,24,4,496389,3.978,5.219,4.098,3.867,2.876,20.96,No,Resting,87.3,Relaxed
1754,19,4,50713,2.025,4.229,6.942,7.557,3.755,24.52,No,Cognitive Load,99.61,Focused
1755,16,10,413606,1.144,2.128,7.219,1.241,3.587,29.02,No,Resting,34.27,Distracted
1756,40,2,337547,4.361,3.589,7.672,5.89,0.325,13.35,No,Resting,75.6,Distracted
1757,28,1,528269,1.89,4.432,7.097,4.576,0.759,34.26,No,Resting,22.88,Distracted
1758,33,9,381382,3.465,4.505,4.85,0.667,3.043,30.26,Yes,Cognitive Load,62.48,Focused
1759,48,2,95335,3.049,4.166,3.835,2.742,2.787,13.19,No,Resting,70.48,Distracted
1760,41,8,107441,2.623,5.289,6.311,3.206,0.62,39.12,Yes,Resting,74.11,Distracted
1761,13,9,16984,2.731,5.286,6.049,1.563,2.058,28.27,No,Cognitive Load,20.72,Focused
1762,43,4,415976,3.795,3.684,4.536,6.5,3.145,20.83,No,Motor Imagery,84.87,Focused
1763,45,8,49402,0.895,2.864,1.155,2.803,0.953,10.51,Yes,Visual Stimulus,42.1,Fatigued
1764,25,9,91656,3.507,4.029,7.446,3.137,3.498,23.66,No,Cognitive Load,21.64,Focused
1765,42,10,65614,4.531,5.0,3.917,9.033,0.307,10.77,No,Cognitive Load,54.25,Distracted
1766,36,10,166963,0.76,0.531,3.225,4.938,3.151,20.03,No,Resting,86.34,Relaxed
1767,27,5,353153,1.133,5.956,5.222,4.225,2.502,19.3,Yes,Cognitive Load,96.71,Distracted
1768,38,7,433048,3.725,1.506,5.554,7.377,1.329,30.2,No,Cognitive Load,74.82,Distracted
1769,7,10,307980,2.468,3.086,2.08,9.141,2.912,11.73,Yes,Visual Stimulus,0.56,Distracted
1770,5,4,486134,2.316,5.296,6.777,0.738,3.151,33.77,No,Cognitive Load,13.47,Focused
1771,43,1,15791,1.116,1.738,2.675,4.758,3.742,16.41,No,Resting,7.63,Relaxed
1772,45,3,58047,2.78,3.122,1.9,6.302,1.534,20.54,Yes,Visual Stimulus,10.12,Distracted
1773,31,5,494064,1.069,1.229,3.548,3.526,2.775,32.03,No,Cognitive Load,38.3,Focused
1774,23,3,234898,2.645,2.673,5.979,7.838,2.45,26.89,Yes,Resting,33.85,Fatigued
1775,42,7,461122,3.936,1.474,7.741,9.729,2.148,15.78,No,Visual Stimulus,11.37,Relaxed
1776,10,9,70246,1.662,2.5,6.57,9.463,3.573,18.52,No,Cognitive Load,88.22,Relaxed
1777,32,6,196936,2.664,2.554,7.553,3.027,0.112,15.7,No,Resting,61.54,Focused
1778,43,10,234955,4.964,5.962,1.555,2.65,1.2,25.82,No,Visual Stimulus,79.65,Fatigued
1779,30,1,348292,3.59,5.971,1.034,9.596,2.199,16.64,No,Resting,37.15,Distracted
1780,39,7,570178,4.286,1.131,4.683,4.857,0.795,30.4,No,Visual Stimulus,41.02,Fatigued
1781,31,3,400010,2.367,4.493,2.677,2.479,3.641,25.29,Yes,Cognitive Load,31.76,Relaxed
1782,18,5,557176,3.955,0.785,6.71,7.216,2.626,10.1,No,Motor Imagery,43.84,Focused
1783,36,10,137821,0.682,0.666,5.54,3.202,1.964,15.86,Yes,Visual Stimulus,61.04,Fatigued
1784,2,4,570819,1.053,1.079,7.78,3.039,3.277,12.75,No,Cognitive Load,49.3,Distracted
1785,14,10,343130,1.414,5.81,2.411,8.853,1.858,18.66,No,Visual Stimulus,83.79,Fatigued
1786,13,5,346140,2.309,5.675,4.143,2.044,2.279,23.06,No,Motor Imagery,90.01,Fatigued
1787,29,5,580305,4.306,1.567,4.259,1.112,0.111,22.74,No,Resting,46.97,Focused
1788,12,6,497163,2.058,1.389,2.294,3.057,1.526,31.41,Yes,Motor Imagery,23.97,Focused
1789,39,10,57676,3.446,1.823,4.926,6.266,0.641,11.62,No,Motor Imagery,94.52,Relaxed
1790,2,10,535848,3.692,3.336,3.825,1.669,2.79,38.13,Yes,Resting,73.5,Focused
1791,32,6,447617,3.138,3.633,3.85,4.98,1.968,17.0,No,Motor Imagery,64.01,Fatigued
1792,13,8,50468,2.108,1.719,3.221,6.46,1.277,15.51,Yes,Cognitive Load,74.54,Distracted
1793,46,8,451989,3.097,4.661,0.627,8.563,1.925,28.98,No,Visual Stimulus,7.6,Relaxed
1794,27,9,47599,2.04,2.203,4.416,2.684,0.918,33.19,No,Motor Imagery,6.76,Focused
1795,49,8,148469,0.877,5.572,3.014,8.265,3.708,18.25,No,Visual Stimulus,15.31,Fatigued
1796,41,2,240270,4.968,4.112,0.51,2.732,0.31,31.14,No,Visual Stimulus,14.75,Fatigued
1797,17,10,45406,1.072,2.9,2.81,6.929,3.475,35.93,No,Resting,42.07,Relaxed
1798,40,1,67560,0.826,4.845,2.59,4.591,2.094,31.84,Yes,Motor Imagery,15.74,Relaxed
1799,31,10,516394,4.453,4.999,3.451,1.589,2.514,6.2,No,Resting,85.45,Focused
1800,34,2,520112,1.858,2.098,1.489,7.286,1.28,33.96,Yes,Resting,57.81,Focused
1801,24,2,144575,3.426,2.368,4.308,2.569,3.87,32.11,Yes,Visual Stimulus,36.83,Distracted
1802,45,3,54943,1.981,5.648,5.693,2.178,1.199,28.43,Yes,Cognitive Load,6.96,Relaxed
1803,35,10,75839,2.262,1.406,5.226,3.904,2.397,31.6,No,Visual Stimulus,59.1,Relaxed
1804,48,7,549633,1.68,0.732,6.528,6.706,3.974,39.28,Yes,Resting,11.65,Fatigued
1805,6,2,249495,2.044,2.997,3.89,2.723,3.536,20.09,No,Motor Imagery,74.32,Distracted
1806,19,1,50390,2.348,4.907,4.393,2.245,2.192,7.35,No,Cognitive Load,80.28,Focused
1807,30,6,321701,3.742,4.744,6.578,0.595,3.962,21.13,No,Cognitive Load,54.4,Distracted
1808,7,9,1906,2.802,5.557,3.708,4.981,2.835,6.63,No,Motor Imagery,14.96,Distracted
1809,10,3,532249,4.746,3.433,5.762,4.572,0.914,15.3,No,Motor Imagery,78.69,Fatigued
1810,41,6,157212,0.688,1.05,3.76,2.722,1.682,25.54,No,Cognitive Load,30.78,Relaxed
1811,32,3,189773,2.764,3.738,3.633,1.01,1.405,15.84,Yes,Resting,22.27,Relaxed
1812,34,1,339711,3.129,4.781,6.202,4.578,1.442,28.99,No,Cognitive Load,47.06,Relaxed
1813,28,5,342808,4.641,1.013,1.811,7.988,3.066,33.77,No,Cognitive Load,92.26,Focused
1814,15,10,81199,0.721,1.45,3.039,7.295,2.379,19.72,No,Cognitive Load,29.74,Relaxed
1815,30,4,99764,3.081,0.568,2.181,8.678,0.249,36.5,No,Resting,90.56,Distracted
1816,37,7,122357,4.341,3.765,3.193,0.591,3.522,7.79,Yes,Motor Imagery,5.37,Distracted
1817,29,6,342873,1.589,5.377,2.228,9.681,1.258,34.4,No,Motor Imagery,8.35,Relaxed
1818,22,10,421777,4.443,4.189,4.846,3.743,3.989,34.0,Yes,Motor Imagery,69.86,Distracted
1819,4,7,312712,0.586,5.901,6.486,9.909,3.821,16.27,No,Resting,19.06,Focused
1820,20,5,160576,3.796,0.847,6.4,2.9,3.768,15.46,Yes,Resting,31.66,Relaxed
1821,32,4,564585,4.699,5.467,3.234,4.98,3.263,15.68,No,Motor Imagery,13.64,Focused
1822,36,7,461823,3.457,4.977,7.916,3.862,0.96,33.4,No,Visual Stimulus,33.22,Relaxed
1823,50,7,16939,2.476,2.228,4.954,3.88,2.177,34.11,No,Visual Stimulus,28.05,Focused
1824,4,6,443931,0.702,5.854,3.496,8.502,0.975,16.54,Yes,Motor Imagery,73.63,Focused
1825,27,8,306604,4.641,2.084,6.767,7.591,1.113,25.74,No,Visual Stimulus,70.2,Focused
1826,17,4,199294,2.616,5.391,5.974,9.925,2.483,9.86,No,Visual Stimulus,95.49,Distracted
1827,12,10,62119,0.63,5.344,6.12,6.328,0.259,21.41,No,Motor Imagery,72.44,Focused
1828,22,5,144258,3.604,4.667,1.971,4.901,3.881,39.96,No,Motor Imagery,69.48,Fatigued
1829,17,4,409675,2.668,3.599,4.012,1.356,3.683,10.56,No,Resting,69.42,Focused
1830,10,1,218827,1.06,1.16,6.964,9.967,1.585,38.16,No,Visual Stimulus,88.3,Focused
1831,1,8,267201,1.464,3.426,4.28,5.74,2.11,33.85,No,Visual Stimulus,29.62,Focused
1832,22,1,149805,0.79,2.462,5.626,7.155,1.918,39.03,No,Motor Imagery,30.01,Focused
1833,26,5,150685,3.084,4.857,4.91,4.364,3.541,11.29,No,Cognitive Load,74.12,Relaxed
1834,18,6,377224,3.299,4.67,6.818,5.703,2.786,12.47,No,Motor Imagery,22.87,Distracted
1835,50,6,479498,2.776,5.508,2.634,9.454,1.185,5.59,No,Resting,91.2,Distracted
1836,14,5,136260,4.177,0.582,4.816,2.081,1.843,30.36,No,Cognitive Load,53.48,Distracted
1837,47,3,238178,4.375,4.95,1.424,3.278,1.773,27.54,No,Cognitive Load,30.01,Relaxed
1838,29,5,259418,3.27,5.662,5.677,1.945,3.841,11.23,Yes,Cognitive Load,77.61,Focused
1839,12,8,29680,0.557,4.841,5.99,8.026,0.784,32.69,No,Resting,31.23,Focused
1840,36,2,234433,3.629,1.216,0.821,1.089,0.449,15.47,No,Visual Stimulus,96.33,Distracted
1841,35,6,364446,2.381,0.947,5.568,1.276,3.534,9.72,No,Motor Imagery,98.3,Fatigued
1842,12,9,467616,3.045,0.615,3.61,3.336,3.597,19.79,Yes,Resting,66.68,Focused
1843,7,8,448934,3.421,3.958,1.431,5.385,3.5,8.18,No,Resting,11.36,Focused
1844,29,8,560733,2.076,3.963,3.649,4.36,2.093,14.21,No,Cognitive Load,26.32,Focused
1845,11,8,530084,4.627,5.928,1.957,0.926,2.673,18.0,No,Cognitive Load,51.54,Relaxed
1846,33,7,401339,1.103,2.689,3.617,9.596,2.297,34.82,Yes,Resting,85.14,Focused
1847,6,8,423041,3.522,2.325,3.383,9.552,0.371,32.74,No,Visual Stimulus,18.49,Distracted
1848,47,6,592610,0.52,3.934,6.038,3.154,2.424,20.5,No,Cognitive Load,10.44,Focused
1849,15,2,523321,4.661,5.041,6.307,7.449,0.153,30.36,Yes,Resting,7.45,Distracted
1850,32,2,419204,1.006,5.652,5.053,5.996,1.367,24.9,No,Cognitive Load,50.7,Fatigued
1851,11,8,99244,0.927,4.917,0.67,2.756,3.736,16.93,No,Motor Imagery,88.47,Relaxed
1852,23,1,491860,1.999,2.847,7.483,2.991,1.286,30.41,No,Motor Imagery,4.24,Fatigued
1853,26,6,387932,2.181,3.992,5.647,5.166,3.765,28.92,No,Motor Imagery,21.23,Focused
1854,34,6,357395,1.464,5.21,0.756,4.483,1.076,26.67,No,Cognitive Load,69.33,Fatigued
1855,46,4,130364,3.133,3.198,6.641,3.267,1.327,26.63,Yes,Cognitive Load,82.59,Focused
1856,34,10,410259,2.493,1.692,2.002,8.171,2.551,28.9,No,Visual Stimulus,80.74,Distracted
1857,29,3,468977,0.654,1.433,4.844,5.074,3.07,18.46,No,Motor Imagery,78.51,Focused
1858,4,3,402968,1.938,0.501,4.0,6.721,2.055,35.42,Yes,Visual Stimulus,12.98,Relaxed
1859,17,1,200065,4.147,4.45,3.649,2.298,3.54,10.68,No,Resting,39.72,Fatigued
1860,35,3,52127,3.604,1.111,7.173,5.568,0.257,35.94,No,Resting,98.47,Focused
1861,13,4,273120,3.762,1.841,3.78,3.521,3.697,16.98,No,Motor Imagery,98.89,Distracted
1862,41,5,99122,3.642,2.138,1.065,5.501,0.866,9.38,No,Visual Stimulus,60.24,Fatigued
1863,39,3,332548,1.899,3.582,7.6,7.918,3.549,26.0,No,Cognitive Load,70.93,Relaxed
1864,15,6,344076,0.948,2.689,7.404,7.805,1.663,18.16,No,Visual Stimulus,95.13,Focused
1865,29,5,339851,1.726,4.211,5.633,3.865,3.348,33.54,No,Resting,44.99,Relaxed
1866,29,3,482863,4.243,0.806,4.009,7.096,2.719,20.08,No,Visual Stimulus,13.69,Distracted
1867,11,6,217912,4.912,1.182,1.196,9.442,0.786,28.4,No,Resting,66.89,Fatigued
1868,32,6,235851,2.722,3.246,6.431,6.444,3.68,15.79,No,Resting,96.01,Fatigued
1869,2,8,355933,0.544,2.353,1.066,1.91,1.058,12.33,Yes,Visual Stimulus,69.72,Fatigued
1870,47,2,532245,1.13,2.127,1.015,6.957,1.052,18.58,Yes,Cognitive Load,80.33,Distracted
1871,14,1,507750,1.949,0.869,4.53,1.497,3.275,26.24,Yes,Resting,42.27,Focused
1872,20,4,107724,3.104,5.426,1.701,8.785,0.513,27.99,No,Visual Stimulus,9.65,Focused
1873,22,7,398008,0.838,4.305,0.558,5.408,0.966,25.24,No,Resting,16.89,Focused
1874,11,10,275381,4.745,1.169,3.673,4.159,2.064,39.58,No,Motor Imagery,98.27,Relaxed
1875,27,3,403923,2.143,0.858,1.529,1.042,3.339,29.19,No,Cognitive Load,49.32,Distracted
1876,3,3,527831,4.607,5.862,1.704,4.117,0.675,37.6,Yes,Motor Imagery,1.2,Fatigued
1877,17,5,247541,4.012,4.246,1.077,9.08,2.236,9.13,No,Resting,95.54,Distracted
1878,44,5,559319,3.899,2.796,2.038,0.699,2.874,7.15,No,Cognitive Load,49.78,Distracted
1879,28,10,174001,3.23,4.36,5.866,5.009,3.456,15.88,No,Visual Stimulus,83.63,Distracted
1880,29,3,327891,3.321,4.66,6.567,9.346,3.749,9.78,No,Visual Stimulus,54.85,Fatigued
1881,21,9,451067,3.371,4.79,3.894,4.251,3.16,23.41,No,Cognitive Load,10.17,Fatigued
1882,47,4,317455,3.329,3.128,4.299,4.568,2.646,23.16,No,Motor Imagery,61.56,Relaxed
1883,16,3,505329,2.992,2.864,0.745,5.996,1.791,25.13,No,Motor Imagery,99.74,Distracted
1884,37,2,65867,4.939,0.561,1.02,4.898,0.537,31.08,No,Cognitive Load,3.47,Focused
1885,20,10,88780,3.795,5.596,2.432,2.102,2.868,39.0,No,Visual Stimulus,84.18,Relaxed
1886,6,9,57196,3.996,3.818,4.579,0.676,3.972,35.74,No,Cognitive Load,23.55,Fatigued
1887,19,4,597993,4.426,1.617,6.047,6.293,2.973,9.14,No,Motor Imagery,39.39,Fatigued
1888,5,3,500653,1.47,5.558,5.038,9.248,0.165,16.85,No,Resting,37.27,Relaxed
1889,3,7,276735,0.877,5.532,3.441,1.51,2.035,13.95,No,Visual Stimulus,89.88,Focused
1890,1,8,727,2.673,5.941,1.387,2.504,2.497,11.19,No,Cognitive Load,50.45,Distracted
1891,38,2,43822,2.813,5.307,6.356,4.017,2.79,24.07,No,Resting,44.72,Distracted
1892,15,7,365543,4.231,5.988,3.228,8.183,2.907,24.36,Yes,Motor Imagery,81.8,Focused
1893,34,5,112113,2.497,1.846,6.02,3.058,2.277,12.95,No,Visual Stimulus,4.89,Distracted
1894,35,5,219606,3.069,5.132,4.347,8.88,0.971,29.92,No,Cognitive Load,8.65,Fatigued
1895,49,3,392575,2.872,5.027,6.04,1.022,3.775,30.65,No,Motor Imagery,2.17,Relaxed
1896,25,5,390732,0.672,1.77,7.305,9.439,2.817,5.73,Yes,Cognitive Load,68.8,Focused
1897,24,2,584379,3.268,1.041,7.408,5.827,1.024,18.85,No,Cognitive Load,52.56,Relaxed
1898,12,4,473594,4.226,5.887,4.513,6.758,1.357,36.15,No,Visual Stimulus,87.6,Distracted
1899,18,6,154591,1.209,2.128,4.336,3.993,3.696,23.21,No,Motor Imagery,49.85,Distracted
1900,15,1,410609,3.174,5.29,2.493,7.929,3.561,17.17,Yes,Motor Imagery,22.18,Fatigued
1901,44,10,205603,3.171,0.523,7.518,2.082,1.68,13.88,No,Resting,80.51,Fatigued
1902,16,4,179006,1.239,0.616,3.934,0.965,0.249,13.52,Yes,Motor Imagery,29.43,Distracted
1903,27,6,372949,1.056,3.062,1.457,4.257,0.289,8.49,No,Motor Imagery,93.57,Distracted
1904,8,9,159912,4.91,1.813,3.745,8.61,1.207,33.6,No,Visual Stimulus,25.04,Fatigued
1905,46,2,13265,2.272,4.294,1.453,7.672,2.554,8.03,No,Resting,16.77,Fatigued
1906,25,7,398640,1.523,3.611,4.269,5.413,2.378,15.23,Yes,Visual Stimulus,49.33,Focused
1907,17,6,413841,1.271,0.926,4.71,5.935,2.572,6.6,No,Motor Imagery,5.05,Fatigued
1908,29,2,298073,3.504,1.394,3.033,1.734,2.897,32.35,Yes,Resting,3.64,Focused
1909,8,8,324036,3.243,2.634,1.037,8.486,0.174,6.37,Yes,Visual Stimulus,49.6,Focused
1910,15,7,318774,3.396,1.521,7.576,7.976,0.51,15.79,No,Resting,21.51,Relaxed
1911,27,5,221711,0.896,4.857,6.3,6.736,1.502,25.07,No,Motor Imagery,0.94,Fatigued
1912,46,5,486626,4.521,2.788,6.792,4.929,0.704,19.33,No,Resting,29.61,Focused
1913,50,7,170457,2.252,1.014,3.252,9.662,0.394,14.88,No,Resting,47.74,Relaxed
1914,7,9,339606,1.91,3.164,6.206,8.851,2.6,14.63,No,Resting,39.43,Relaxed
1915,3,9,359181,2.581,1.0,4.14,6.622,3.28,32.92,Yes,Motor Imagery,13.55,Fatigued
1916,29,9,95310,2.255,1.209,2.008,4.032,3.035,39.09,No,Motor Imagery,57.97,Fatigued
1917,44,6,156080,4.386,1.818,1.433,6.371,3.286,17.18,Yes,Resting,71.03,Relaxed
1918,24,10,311072,4.682,5.227,3.088,5.967,2.697,6.37,No,Visual Stimulus,67.55,Focused
1919,3,6,89876,1.866,5.585,1.532,4.245,2.968,6.28,No,Visual Stimulus,39.38,Fatigued
1920,20,3,549264,4.388,5.044,7.987,3.413,1.16,31.57,Yes,Motor Imagery,13.76,Relaxed
1921,46,1,387128,4.017,2.337,0.869,4.367,3.973,24.33,No,Cognitive Load,49.95,Relaxed
1922,15,7,360400,4.689,1.998,3.809,5.952,0.814,32.43,Yes,Visual Stimulus,89.04,Focused
1923,25,4,362681,1.606,3.52,3.891,4.567,0.937,29.41,Yes,Resting,46.87,Distracted
1924,30,1,190861,3.096,4.47,2.755,3.004,1.227,36.76,Yes,Cognitive Load,19.57,Focused
1925,14,8,251666,1.735,5.964,4.785,7.729,3.904,36.0,Yes,Motor Imagery,9.31,Relaxed
1926,7,6,269670,4.208,1.224,1.625,5.549,3.954,32.59,No,Visual Stimulus,94.39,Focused
1927,17,6,199121,0.524,0.771,6.379,1.143,3.2,21.63,No,Cognitive Load,74.3,Fatigued
1928,44,2,335510,3.042,4.319,2.993,3.999,2.553,15.78,No,Motor Imagery,31.3,Relaxed
1929,20,1,452333,2.026,5.077,4.935,8.907,2.128,22.75,No,Motor Imagery,29.54,Focused
1930,36,2,56096,1.952,5.155,5.867,7.675,3.885,22.57,No,Resting,89.52,Focused
1931,9,4,50248,3.402,4.232,7.168,3.571,2.813,26.36,No,Visual Stimulus,17.76,Focused
1932,38,2,205728,4.332,5.747,6.768,9.413,3.784,11.51,No,Cognitive Load,53.5,Focused
1933,48,1,79888,3.241,3.311,5.062,1.228,1.335,27.95,No,Resting,71.35,Relaxed
1934,22,7,206354,4.339,5.526,3.413,9.632,1.402,20.98,No,Visual Stimulus,39.64,Focused
1935,2,8,240346,1.691,5.823,4.274,2.834,3.433,26.71,No,Cognitive Load,3.99,Fatigued
1936,24,6,41954,2.838,5.159,6.266,0.586,0.684,13.39,No,Motor Imagery,22.78,Distracted
1937,8,4,351863,2.527,2.204,7.082,4.621,3.789,20.2,Yes,Motor Imagery,90.18,Distracted
1938,11,6,262739,0.552,1.579,1.278,3.91,2.079,12.36,No,Visual Stimulus,52.31,Distracted
1939,13,3,291736,3.006,3.515,3.386,5.621,3.713,35.64,No,Resting,81.54,Fatigued
1940,17,8,564931,3.477,2.992,6.321,8.069,1.413,22.08,No,Cognitive Load,55.57,Distracted
1941,8,10,254793,3.164,5.328,3.737,8.503,2.892,12.87,No,Cognitive Load,94.36,Relaxed
1942,21,2,324809,3.813,1.05,2.992,4.312,1.983,6.44,No,Motor Imagery,90.91,Relaxed
1943,18,5,268116,3.071,1.918,3.585,4.584,2.545,28.65,Yes,Visual Stimulus,48.29,Fatigued
1944,30,1,278026,0.8,4.635,5.021,1.908,2.067,12.51,No,Resting,31.83,Fatigued
1945,18,6,464271,1.024,1.022,7.999,0.952,3.872,39.64,No,Motor Imagery,60.17,Relaxed
1946,46,2,549308,3.184,2.264,4.197,6.592,2.799,23.68,No,Motor Imagery,67.49,Fatigued
1947,47,4,364765,1.737,2.629,2.064,1.112,1.08,15.11,No,Resting,49.84,Fatigued
1948,31,6,44912,0.858,3.924,1.721,7.471,3.648,28.02,No,Cognitive Load,82.23,Relaxed
1949,38,10,12879,2.433,1.37,0.818,5.621,1.247,14.63,No,Cognitive Load,18.33,Relaxed
1950,32,8,558086,2.994,5.233,4.691,2.387,1.549,33.71,No,Visual Stimulus,33.44,Focused
1951,11,8,483042,1.979,2.961,4.584,5.625,0.498,15.79,No,Motor Imagery,68.64,Focused
1952,45,6,337935,3.742,5.544,2.039,2.238,3.61,39.59,No,Visual Stimulus,24.67,Distracted
1953,25,4,487947,3.397,3.073,5.715,4.668,1.216,26.18,No,Cognitive Load,43.98,Fatigued
1954,33,8,159472,1.998,2.013,6.058,8.096,1.11,34.55,No,Resting,96.37,Relaxed
1955,38,8,154607,3.897,1.28,2.443,4.888,3.689,7.55,Yes,Cognitive Load,62.59,Distracted
1956,41,10,468255,3.419,0.521,3.081,1.913,3.242,17.19,No,Cognitive Load,94.91,Focused
1957,8,1,252712,3.369,3.427,7.929,7.376,0.65,30.81,Yes,Motor Imagery,72.24,Fatigued
1958,11,4,4055,2.99,1.089,3.307,2.274,3.1,27.93,No,Cognitive Load,72.47,Distracted
1959,22,4,300314,0.551,2.655,6.206,7.516,3.661,11.8,Yes,Visual Stimulus,59.19,Fatigued
1960,24,7,229016,3.634,3.741,3.895,5.054,0.406,17.47,No,Resting,14.22,Distracted
1961,41,7,290395,2.192,2.016,6.45,4.811,3.318,14.22,No,Motor Imagery,51.97,Fatigued
1962,17,8,48037,4.742,1.464,6.268,8.589,2.235,26.47,Yes,Resting,25.27,Fatigued
1963,12,5,92115,4.181,4.761,5.508,7.232,2.71,17.06,No,Visual Stimulus,99.87,Relaxed
1964,46,7,472032,3.145,5.707,6.911,0.813,2.022,15.82,No,Visual Stimulus,26.7,Fatigued
1965,32,8,482870,1.635,1.052,7.544,3.314,2.821,12.26,No,Cognitive Load,23.07,Focused
1966,15,9,70400,1.417,1.356,4.85,8.774,0.233,19.32,Yes,Visual Stimulus,62.39,Relaxed
1967,16,3,363308,2.032,5.78,2.281,0.674,3.075,11.84,No,Cognitive Load,51.09,Fatigued
1968,22,3,223457,2.645,0.708,3.49,5.68,0.23,38.69,No,Motor Imagery,2.14,Focused
1969,28,4,141774,1.832,5.877,6.187,7.414,1.876,10.41,No,Resting,12.95,Focused
1970,20,5,15385,2.817,0.526,5.382,6.408,0.689,36.97,No,Cognitive Load,81.1,Distracted
1971,33,10,560309,1.244,5.305,1.833,7.725,3.312,20.0,No,Cognitive Load,48.37,Relaxed
1972,10,1,508670,4.9,2.19,0.884,7.394,1.323,18.23,No,Motor Imagery,14.6,Relaxed
1973,40,7,117369,0.986,5.662,5.622,7.074,1.871,13.1,No,Visual Stimulus,46.52,Distracted
1974,32,9,573399,4.694,2.243,2.383,8.305,1.772,27.25,Yes,Cognitive Load,25.31,Distracted
1975,50,8,89402,4.611,4.099,4.248,6.634,3.113,28.99,No,Visual Stimulus,22.36,Distracted
1976,33,5,253724,2.864,0.94,6.101,4.323,1.976,21.36,Yes,Cognitive Load,95.77,Relaxed
1977,2,4,227600,3.762,1.833,4.72,4.983,3.177,6.95,No,Visual Stimulus,36.2,Focused
1978,33,7,473319,2.462,4.755,1.125,7.309,0.387,37.15,No,Cognitive Load,4.64,Focused
1979,33,5,134585,3.335,3.408,1.892,8.825,0.847,39.31,No,Resting,97.03,Fatigued
1980,41,7,104126,2.033,5.604,2.145,3.086,2.251,20.09,Yes,Resting,79.48,Relaxed
1981,13,1,165912,1.855,2.858,2.434,3.75,3.794,26.48,No,Resting,25.44,Relaxed
1982,30,1,118637,3.102,5.284,4.741,9.342,0.392,20.76,No,Cognitive Load,40.89,Distracted
1983,33,10,26393,2.742,2.969,4.28,5.996,0.268,16.27,No,Visual Stimulus,86.23,Relaxed
1984,13,3,581768,3.108,5.886,2.024,2.2,0.711,7.71,No,Motor Imagery,35.74,Relaxed
1985,26,2,479551,1.79,5.779,1.007,6.805,2.6,20.96,Yes,Motor Imagery,56.74,Focused
1986,22,2,521397,2.151,2.31,1.786,9.912,1.656,33.64,No,Motor Imagery,53.49,Relaxed
1987,39,7,93650,0.878,5.373,7.883,8.323,3.32,5.6,No,Resting,40.13,Focused
1988,2,10,518196,0.735,5.162,4.014,7.585,0.381,25.37,No,Resting,63.95,Focused
1989,38,2,52066,1.641,1.659,7.005,2.476,0.866,35.83,No,Resting,47.33,Relaxed
1990,39,4,373994,0.834,3.934,6.866,8.823,1.27,12.61,No,Visual Stimulus,2.12,Focused
1991,26,2,16138,0.967,0.9,4.336,5.495,2.544,11.41,No,Resting,81.44,Distracted
1992,46,6,118558,4.158,5.102,5.8,8.948,2.772,32.03,No,Visual Stimulus,11.32,Focused
1993,50,8,258480,0.675,1.46,1.946,3.633,0.584,13.93,Yes,Visual Stimulus,46.41,Relaxed
1994,15,10,437743,3.465,0.889,5.663,1.089,3.781,11.72,No,Visual Stimulus,57.99,Distracted
1995,34,4,271334,1.727,2.701,2.543,5.022,1.43,18.23,No,Cognitive Load,70.55,Distracted
1996,42,5,78422,4.422,3.673,6.74,3.063,2.881,18.74,No,Motor Imagery,41.08,Relaxed
1997,44,4,29086,2.682,5.202,1.128,7.295,2.144,35.59,No,Visual Stimulus,73.55,Fatigued
1998,49,3,125604,1.875,5.858,6.299,9.593,0.969,26.65,No,Motor Imagery,13.14,Focused
1999,40,5,119324,2.829,2.917,1.25,7.064,3.4,19.21,Yes,Visual Stimulus,65.34,Focused
2000,11,9,476785,2.219,0.832,7.109,8.926,3.291,23.7,No,Visual Stimulus,82.63,Fatigued
2001,3,8,391065,3.039,4.62,2.782,4.804,1.645,38.39,No,Resting,88.94,Distracted
2002,6,8,3435,1.015,3.608,5.408,7.831,2.396,8.96,Yes,Motor Imagery,57.96,Fatigued
2003,9,8,160014,4.986,2.963,4.156,8.509,1.106,12.27,No,Visual Stimulus,31.29,Relaxed
2004,6,8,422275,2.415,2.201,3.247,7.253,2.79,38.69,No,Motor Imagery,16.34,Fatigued
2005,9,7,375601,2.067,3.263,5.341,5.324,1.305,38.51,No,Resting,34.56,Distracted
2006,39,8,426042,3.696,2.363,7.606,6.446,3.392,11.2,Yes,Visual Stimulus,54.0,Relaxed
2007,31,8,292441,2.138,4.664,0.81,7.155,0.948,10.08,No,Resting,19.63,Relaxed
2008,32,8,568178,4.25,3.491,7.391,2.904,0.158,19.74,No,Visual Stimulus,95.25,Relaxed
2009,41,10,283466,2.544,5.323,5.068,8.191,1.147,6.74,Yes,Resting,89.71,Focused
2010,50,7,560027,3.738,3.489,6.555,9.528,0.845,27.92,No,Resting,3.3,Focused
2011,12,1,402935,0.984,1.81,3.379,4.92,2.082,7.71,No,Cognitive Load,56.2,Relaxed
2012,8,4,8314,4.308,5.181,4.039,7.16,0.894,7.03,No,Visual Stimulus,78.93,Fatigued
2013,8,4,369802,3.811,3.565,7.016,7.502,3.076,21.98,No,Visual Stimulus,24.54,Focused
2014,50,5,146429,1.453,1.638,3.611,6.791,1.041,38.52,No,Visual Stimulus,52.39,Distracted
2015,28,10,229937,1.154,3.929,4.51,5.698,2.857,19.94,No,Motor Imagery,40.6,Focused
2016,20,6,544653,1.923,2.467,0.651,8.876,2.356,17.48,No,Cognitive Load,19.65,Fatigued
2017,47,4,301173,4.892,5.144,1.689,4.765,3.946,39.93,No,Motor Imagery,61.47,Focused
2018,7,2,263881,1.656,2.993,5.313,1.08,4.0,23.62,No,Visual Stimulus,99.37,Fatigued
2019,11,6,393186,2.553,4.495,5.877,8.523,3.491,18.13,No,Cognitive Load,36.53,Fatigued
2020,20,8,340362,0.635,1.025,4.87,6.903,3.064,18.51,No,Resting,55.24,Focused
2021,16,8,158571,2.288,2.678,1.575,8.568,1.607,11.82,Yes,Cognitive Load,32.79,Fatigued
2022,4,7,241474,3.071,5.908,3.841,1.816,3.038,22.93,No,Resting,87.69,Fatigued
2023,6,6,128692,4.789,4.947,3.163,0.792,3.831,20.36,No,Visual Stimulus,86.46,Distracted
2024,22,2,390555,2.825,1.38,4.217,9.377,0.191,14.48,No,Visual Stimulus,17.88,Relaxed
2025,26,7,172106,4.186,2.028,7.027,1.903,2.198,10.62,No,Resting,89.99,Relaxed
2026,3,5,294,2.962,2.314,6.319,8.192,0.95,15.89,Yes,Cognitive Load,15.15,Focused
2027,41,6,98185,0.684,4.077,1.13,8.32,2.276,22.8,No,Motor Imagery,9.54,Fatigued
2028,42,10,58382,1.918,4.663,7.177,7.233,1.919,7.04,Yes,Cognitive Load,65.29,Focused
2029,14,8,300242,3.09,4.622,4.038,1.747,2.345,10.38,No,Resting,38.59,Focused
2030,11,8,528943,4.778,3.304,6.079,6.84,2.249,38.17,Yes,Resting,53.07,Relaxed
2031,18,3,308372,4.366,4.96,1.55,8.946,3.844,24.0,Yes,Motor Imagery,65.26,Fatigued
2032,12,7,3771,1.528,2.904,5.53,4.543,2.254,7.22,No,Motor Imagery,5.28,Focused
2033,23,1,336243,1.49,1.181,2.272,4.428,3.4,29.26,No,Motor Imagery,29.3,Focused
2034,12,1,320580,1.405,3.604,3.788,4.707,1.347,7.16,No,Resting,46.09,Relaxed
2035,13,7,107779,4.651,5.738,0.626,1.282,1.809,30.86,No,Visual Stimulus,26.66,Relaxed
2036,25,10,485319,4.337,4.861,1.637,8.974,1.935,31.25,No,Cognitive Load,4.9,Relaxed
2037,45,9,556664,3.987,3.683,1.191,8.757,1.187,27.79,No,Motor Imagery,8.67,Focused
2038,19,7,480674,2.267,4.057,2.298,9.98,1.581,30.63,No,Resting,80.17,Fatigued
2039,46,10,77924,2.77,5.618,1.25,6.059,2.434,8.08,No,Cognitive Load,91.14,Relaxed
2040,36,5,553620,2.589,2.856,5.689,7.636,2.363,30.44,No,Motor Imagery,15.22,Relaxed
2041,45,8,393145,1.64,2.323,0.718,2.425,2.582,9.78,No,Visual Stimulus,24.93,Fatigued
2042,8,2,571025,2.773,5.875,5.133,6.842,1.472,16.88,No,Cognitive Load,65.22,Focused
2043,29,9,393056,0.637,5.249,1.555,6.672,1.332,38.0,No,Cognitive Load,95.43,Focused
2044,32,6,89031,1.093,2.277,7.589,9.061,2.485,22.6,No,Resting,29.96,Fatigued
2045,44,9,467186,4.49,3.051,7.498,8.393,0.618,38.86,No,Resting,85.52,Relaxed
2046,18,2,183024,3.883,2.783,2.191,9.415,1.087,8.11,No,Resting,50.6,Distracted
2047,6,3,283135,2.403,1.32,5.108,8.754,0.264,21.71,No,Visual Stimulus,95.66,Fatigued
2048,18,8,27472,2.827,5.768,0.71,8.753,0.383,7.18,No,Cognitive Load,13.63,Distracted
2049,19,1,59946,2.165,2.724,7.488,1.105,1.049,27.06,No,Motor Imagery,97.37,Focused
2050,22,10,498782,3.834,5.314,4.422,8.537,0.176,7.75,No,Visual Stimulus,44.1,Focused
2051,37,7,263685,4.029,1.541,0.824,6.271,1.057,11.14,No,Motor Imagery,95.29,Distracted
2052,32,7,2765,3.935,3.513,3.069,4.114,2.654,14.06,Yes,Motor Imagery,45.87,Relaxed
2053,41,1,305218,3.752,0.632,1.076,1.037,0.338,31.21,No,Resting,53.01,Distracted
2054,3,9,364939,1.42,4.703,3.447,6.938,1.803,10.74,No,Motor Imagery,80.48,Relaxed
2055,28,8,493377,2.021,3.695,5.524,3.618,3.661,34.63,No,Motor Imagery,72.26,Fatigued
2056,10,4,366047,2.614,3.941,4.024,4.944,3.186,9.62,No,Visual Stimulus,61.96,Focused
2057,35,10,518790,1.989,0.784,3.378,6.976,1.291,6.23,No,Resting,41.7,Focused
2058,29,5,149725,3.897,1.661,1.394,9.162,3.707,18.83,No,Motor Imagery,79.24,Distracted
2059,15,2,479885,1.982,0.909,2.337,8.342,1.386,39.28,Yes,Motor Imagery,94.82,Fatigued
2060,33,9,39339,1.122,2.089,1.251,4.781,0.383,8.86,No,Motor Imagery,0.98,Distracted
2061,7,6,418973,2.296,3.951,6.556,4.184,3.977,8.56,No,Cognitive Load,58.78,Distracted
2062,12,3,304543,4.91,3.614,1.514,2.778,3.493,31.29,Yes,Cognitive Load,86.6,Distracted
2063,49,7,407922,1.516,3.867,4.965,4.038,1.917,15.93,No,Resting,65.31,Relaxed
2064,30,9,552197,3.255,3.521,3.071,1.555,2.699,30.1,No,Visual Stimulus,80.08,Focused
2065,21,3,518993,2.448,2.002,2.195,9.726,2.718,12.0,No,Resting,89.51,Focused
2066,31,2,479095,0.82,1.845,5.296,5.952,0.858,21.1,No,Cognitive Load,75.1,Distracted
2067,24,7,157541,2.695,1.254,3.928,1.714,0.88,14.29,No,Resting,71.7,Relaxed
2068,20,7,132385,3.66,5.17,3.501,3.852,1.931,20.8,No,Visual Stimulus,96.47,Focused
2069,37,4,401063,2.809,3.891,4.946,5.697,3.655,31.92,Yes,Resting,86.37,Relaxed
2070,4,9,141002,4.424,1.526,4.185,5.562,0.139,31.67,No,Motor Imagery,81.54,Fatigued
2071,28,8,3285,1.8,1.475,2.776,0.837,3.152,23.05,No,Visual Stimulus,8.64,Relaxed
2072,44,1,385781,0.888,5.302,4.693,9.533,0.324,37.49,No,Visual Stimulus,23.9,Relaxed
2073,20,1,560151,4.715,4.585,5.521,3.116,1.965,14.23,No,Visual Stimulus,55.68,Fatigued
2074,24,5,147776,2.202,4.127,0.7,0.654,2.588,13.41,No,Resting,70.96,Focused
2075,50,6,545611,3.094,2.738,3.994,1.226,2.778,26.48,Yes,Resting,30.32,Focused
2076,49,3,333112,4.064,1.941,0.933,6.012,0.328,26.75,No,Motor Imagery,9.33,Relaxed
2077,32,9,53915,1.959,5.887,1.898,1.809,1.733,6.63,No,Visual Stimulus,31.11,Relaxed
2078,41,10,371687,3.723,4.885,4.704,0.896,2.377,26.27,No,Motor Imagery,77.1,Fatigued
2079,36,6,203462,1.109,2.16,6.996,4.106,0.358,18.11,No,Visual Stimulus,87.74,Fatigued
2080,34,4,507553,1.811,5.162,7.121,6.416,0.627,31.16,No,Cognitive Load,91.29,Focused
2081,36,7,466389,1.151,4.674,1.025,1.562,2.688,33.28,No,Resting,37.89,Focused
2082,2,8,373410,4.151,2.134,3.643,3.477,2.134,24.33,No,Motor Imagery,37.25,Fatigued
2083,15,9,440924,1.502,2.846,4.873,4.469,0.731,5.06,No,Resting,40.67,Relaxed
2084,34,6,53019,3.728,1.523,1.603,2.015,2.187,27.27,No,Resting,37.58,Fatigued
2085,36,6,207226,4.745,1.111,6.241,5.308,3.66,31.21,No,Cognitive Load,66.62,Focused
2086,6,8,233169,2.875,4.475,6.082,1.31,0.161,13.71,No,Cognitive Load,35.83,Relaxed
2087,39,5,531661,2.93,1.971,7.275,0.942,2.606,21.26,No,Visual Stimulus,2.03,Distracted
2088,42,3,544475,2.575,5.01,0.564,5.438,0.387,38.8,No,Cognitive Load,43.9,Distracted
2089,12,3,346229,1.967,5.976,2.125,2.855,0.125,15.43,No,Visual Stimulus,22.42,Fatigued
2090,3,6,117996,2.64,0.921,6.704,1.406,0.688,12.81,No,Cognitive Load,2.88,Focused
2091,45,2,563508,3.213,3.102,5.529,4.527,1.749,12.38,No,Cognitive Load,47.08,Relaxed
2092,18,6,392647,4.937,4.911,7.208,9.194,3.229,24.56,No,Motor Imagery,20.6,Distracted
2093,40,6,515971,4.72,4.839,0.929,7.38,1.199,38.24,No,Cognitive Load,45.27,Relaxed
2094,21,8,531930,4.38,4.68,4.977,8.248,2.54,26.3,No,Motor Imagery,27.77,Relaxed
2095,15,7,79971,4.501,2.419,4.768,8.783,1.704,15.62,No,Cognitive Load,60.37,Relaxed
2096,33,8,579844,2.605,2.996,0.768,9.74,1.014,27.35,Yes,Motor Imagery,99.09,Relaxed
2097,35,9,426976,3.458,3.772,4.351,7.751,2.106,26.87,No,Resting,54.72,Fatigued
2098,26,6,517473,4.528,5.857,5.071,6.28,3.21,25.89,No,Visual Stimulus,64.69,Relaxed
2099,8,3,397597,2.268,2.302,1.935,3.972,3.347,10.58,No,Cognitive Load,91.93,Distracted
2100,36,10,412774,4.828,5.577,2.55,2.226,3.401,27.21,No,Motor Imagery,37.4,Distracted
2101,48,3,292926,2.371,1.981,5.303,7.023,1.42,20.06,No,Cognitive Load,16.65,Fatigued
2102,30,1,266926,3.205,5.94,4.012,9.952,3.194,5.65,No,Motor Imagery,28.28,Distracted
2103,23,5,185784,3.694,4.186,6.935,4.94,0.927,23.89,No,Motor Imagery,40.28,Relaxed
2104,42,4,236836,4.778,3.049,3.068,7.375,2.98,39.62,No,Cognitive Load,64.5,Distracted
2105,44,9,488161,1.601,3.874,2.5,5.203,3.799,17.24,No,Visual Stimulus,0.46,Focused
2106,14,9,150534,3.858,1.999,7.886,4.603,0.154,38.79,No,Motor Imagery,85.34,Relaxed
2107,14,5,186278,2.844,2.008,7.334,4.398,1.817,8.37,No,Resting,7.61,Fatigued
2108,2,10,97469,1.709,1.125,0.717,5.294,2.626,30.64,No,Cognitive Load,90.07,Focused
2109,37,4,571238,3.995,1.127,6.28,3.986,2.837,9.0,No,Resting,94.94,Distracted
2110,5,7,395739,2.985,2.412,1.328,7.613,0.787,14.58,No,Motor Imagery,99.01,Focused
2111,38,6,454142,3.474,4.696,0.706,8.806,3.892,24.98,No,Motor Imagery,80.95,Distracted
2112,45,4,140749,1.953,3.844,2.553,8.887,2.5,25.75,No,Cognitive Load,14.19,Distracted
2113,41,10,146161,2.666,1.064,2.52,2.663,0.741,32.13,No,Visual Stimulus,70.62,Distracted
2114,47,2,397797,3.278,5.187,6.645,9.011,0.18,26.54,No,Resting,20.33,Fatigued
2115,14,1,405123,2.322,3.808,5.83,3.745,3.155,25.78,No,Visual Stimulus,89.71,Focused
2116,39,4,398825,1.393,5.785,7.862,3.438,0.411,36.93,Yes,Resting,31.66,Fatigued
2117,25,4,437359,4.827,4.186,5.836,7.404,0.65,20.83,No,Visual Stimulus,32.68,Distracted
2118,20,1,22936,2.802,1.463,3.637,3.395,2.342,12.88,No,Cognitive Load,91.77,Relaxed
2119,2,6,501477,3.803,3.106,5.742,1.003,2.454,10.66,No,Resting,1.32,Relaxed
2120,39,4,230596,2.35,4.067,7.996,4.049,2.779,19.0,No,Cognitive Load,19.4,Fatigued
2121,6,1,177129,2.098,0.655,5.826,7.354,1.635,29.95,No,Visual Stimulus,42.19,Relaxed
2122,17,1,546707,2.332,0.582,6.213,3.606,3.118,6.49,No,Visual Stimulus,70.07,Focused
2123,25,1,384906,2.341,1.212,7.538,6.481,3.9,9.52,No,Visual Stimulus,64.76,Relaxed
2124,28,8,205671,2.949,1.884,1.352,6.771,1.157,8.71,No,Cognitive Load,66.94,Relaxed
2125,2,10,525122,2.946,2.863,5.786,7.47,2.842,25.48,No,Motor Imagery,88.0,Distracted
2126,35,8,294358,2.737,3.181,6.881,9.023,3.721,13.5,Yes,Motor Imagery,12.1,Focused
2127,37,2,254870,1.107,1.259,7.658,4.609,2.777,10.82,Yes,Resting,52.22,Focused
2128,5,7,493244,2.732,4.204,2.082,2.081,2.756,25.75,No,Cognitive Load,72.55,Relaxed
2129,1,8,526701,1.261,3.779,4.279,3.53,0.973,31.65,No,Cognitive Load,63.61,Distracted
2130,40,8,533793,1.068,2.12,5.604,4.606,2.187,16.63,No,Cognitive Load,44.83,Relaxed
2131,12,10,133177,4.697,0.575,2.356,7.282,2.294,25.24,No,Visual Stimulus,1.71,Relaxed
2132,36,7,199176,3.222,0.927,5.004,0.625,2.831,8.43,No,Cognitive Load,6.05,Fatigued
2133,45,5,390447,3.468,2.654,2.432,3.5,3.988,37.73,No,Motor Imagery,11.89,Distracted
2134,23,1,500850,2.308,1.347,3.001,7.909,0.231,16.79,Yes,Resting,34.32,Fatigued
2135,47,9,114897,4.59,2.573,3.811,6.873,0.354,39.91,No,Motor Imagery,11.77,Relaxed
2136,31,7,58408,3.371,3.955,4.469,7.452,0.404,39.25,No,Cognitive Load,42.61,Relaxed
2137,11,2,168751,3.961,3.51,3.87,8.212,2.998,32.26,No,Resting,17.86,Distracted
2138,10,6,116908,2.159,1.771,4.199,7.941,0.632,5.7,No,Resting,77.92,Focused
2139,3,2,245993,4.82,2.391,2.739,6.981,2.528,24.02,No,Cognitive Load,87.15,Relaxed
2140,14,1,230168,4.192,3.877,1.692,4.677,1.366,8.04,No,Cognitive Load,38.96,Relaxed
2141,16,7,505421,4.343,5.235,0.855,9.844,1.884,36.33,No,Motor Imagery,51.13,Fatigued
2142,10,2,117798,1.275,4.643,1.97,5.906,0.941,32.64,No,Motor Imagery,95.35,Fatigued
2143,29,2,237902,1.719,3.544,4.865,2.426,3.478,39.03,No,Visual Stimulus,53.55,Distracted
2144,10,5,320847,1.785,2.493,6.396,3.282,2.386,26.29,No,Visual Stimulus,99.51,Fatigued
2145,12,5,474650,1.719,2.508,1.769,7.089,3.784,23.28,No,Visual Stimulus,14.21,Focused
2146,30,7,63079,4.349,5.337,1.314,9.285,2.341,23.16,No,Cognitive Load,86.22,Relaxed
2147,41,1,545865,0.643,0.716,6.12,2.198,0.583,18.53,No,Cognitive Load,49.72,Fatigued
2148,1,8,310258,0.842,5.934,2.789,1.282,0.766,21.4,No,Visual Stimulus,2.27,Focused
2149,5,3,482450,1.733,4.154,7.636,8.875,3.957,27.24,No,Visual Stimulus,97.22,Relaxed
2150,20,4,516379,1.399,4.246,5.857,9.195,2.93,37.65,No,Motor Imagery,96.5,Relaxed
2151,8,9,67194,1.543,0.709,2.951,3.126,0.292,25.86,No,Visual Stimulus,38.33,Focused
2152,43,4,471022,4.091,3.83,2.672,4.084,2.845,35.0,No,Visual Stimulus,95.41,Relaxed
2153,12,10,112333,3.034,3.166,4.428,6.772,1.707,35.2,Yes,Resting,14.1,Focused
2154,1,5,562080,0.526,1.082,1.094,3.634,1.298,23.16,No,Visual Stimulus,68.01,Focused
2155,20,7,45807,2.432,2.029,1.383,8.833,0.701,17.16,No,Resting,19.19,Fatigued
2156,28,4,517513,2.335,5.397,1.819,1.522,3.376,27.39,No,Visual Stimulus,24.66,Distracted
2157,43,1,387410,1.013,3.525,6.31,0.861,0.349,20.61,Yes,Resting,77.93,Focused
2158,37,9,509698,3.543,2.774,4.354,2.481,1.23,7.85,No,Visual Stimulus,37.74,Fatigued
2159,47,4,538065,3.659,0.9,0.579,3.218,1.295,18.22,Yes,Motor Imagery,0.71,Relaxed
2160,37,9,38346,3.744,4.428,5.551,1.573,0.728,39.79,No,Cognitive Load,41.42,Fatigued
2161,12,6,309963,3.778,4.366,3.678,1.124,2.082,6.7,No,Resting,22.81,Focused
2162,37,1,134917,0.5,3.877,4.331,7.678,0.146,29.38,No,Cognitive Load,68.33,Fatigued
2163,49,3,547578,4.793,3.306,2.106,2.061,1.274,34.44,No,Motor Imagery,19.44,Distracted
2164,49,2,374695,4.164,2.886,4.638,9.182,3.741,27.71,No,Visual Stimulus,84.23,Relaxed
2165,44,9,423915,4.568,3.763,7.844,3.996,1.311,24.94,No,Visual Stimulus,26.71,Fatigued
2166,28,1,175324,0.57,1.784,1.051,6.871,1.506,29.76,No,Motor Imagery,39.3,Relaxed
2167,47,9,503150,4.702,5.677,2.629,2.641,1.945,20.03,No,Cognitive Load,29.8,Focused
2168,15,9,505180,4.144,3.738,2.322,2.783,2.291,8.2,No,Cognitive Load,64.39,Distracted
2169,6,8,409824,4.267,2.212,2.364,5.96,3.254,38.68,No,Cognitive Load,10.12,Distracted
2170,44,8,390857,0.92,2.973,3.34,5.826,0.842,20.13,No,Cognitive Load,47.81,Fatigued
2171,20,1,197345,3.825,4.931,6.636,7.803,3.5,28.29,No,Resting,33.45,Relaxed
2172,50,8,218980,4.82,1.389,7.346,7.699,3.054,23.6,Yes,Cognitive Load,88.41,Relaxed
2173,14,10,474869,3.553,2.111,2.017,6.872,2.918,6.91,No,Resting,7.34,Fatigued
2174,2,3,276923,3.068,4.237,4.572,4.767,0.439,38.35,No,Motor Imagery,82.97,Fatigued
2175,9,7,444256,4.755,2.235,5.277,8.961,0.184,32.74,No,Visual Stimulus,16.77,Fatigued
2176,37,1,449541,2.493,4.859,4.414,6.414,2.417,10.22,Yes,Resting,8.86,Fatigued
2177,20,1,509163,3.197,1.217,3.756,9.907,3.466,39.36,No,Cognitive Load,20.23,Distracted
2178,26,10,413151,2.644,4.695,1.94,8.284,2.379,30.79,No,Visual Stimulus,10.27,Fatigued
2179,29,5,451069,4.698,0.876,4.162,0.921,0.932,21.53,Yes,Resting,52.1,Relaxed
2180,1,5,67359,0.842,0.569,3.509,3.546,0.453,26.4,No,Visual Stimulus,98.82,Focused
2181,35,8,203460,2.755,5.44,6.467,5.933,2.828,8.74,No,Motor Imagery,3.43,Relaxed
2182,6,7,277255,3.591,3.697,6.227,7.354,2.915,24.61,Yes,Cognitive Load,46.11,Fatigued
2183,37,8,163384,4.064,2.435,1.505,5.728,0.773,7.58,No,Motor Imagery,38.61,Distracted
2184,5,6,286305,3.124,1.779,1.164,7.968,0.21,24.07,No,Visual Stimulus,33.96,Fatigued
2185,33,6,130466,4.59,3.893,7.311,3.185,1.692,24.34,Yes,Motor Imagery,33.19,Focused
2186,49,2,329457,4.739,3.3,4.516,2.247,2.373,35.61,Yes,Cognitive Load,89.5,Fatigued
2187,14,6,181446,0.789,5.954,6.934,1.012,2.853,30.38,No,Resting,1.9,Focused
2188,12,5,417230,2.311,5.908,0.936,5.946,3.259,13.73,No,Motor Imagery,77.49,Fatigued
2189,42,3,411377,0.606,3.993,4.449,7.042,2.481,36.09,Yes,Cognitive Load,25.29,Distracted
2190,20,6,400706,1.982,2.936,4.546,3.598,0.532,25.06,No,Visual Stimulus,38.33,Relaxed
2191,50,8,381691,2.916,3.201,6.955,6.329,2.762,26.22,No,Motor Imagery,42.01,Focused
2192,24,9,24502,4.599,4.254,1.232,0.995,3.938,10.91,No,Resting,30.47,Relaxed
2193,43,1,35757,4.309,1.059,2.303,1.443,3.632,35.02,No,Motor Imagery,9.36,Fatigued
2194,34,3,582933,1.074,2.306,3.549,7.167,3.5,37.58,No,Visual Stimulus,11.43,Relaxed
2195,25,3,321199,0.919,0.914,6.994,3.997,1.278,32.12,No,Visual Stimulus,29.81,Distracted
2196,50,8,119815,3.152,0.903,7.542,6.878,3.028,37.93,No,Visual Stimulus,82.18,Distracted
2197,29,1,363170,2.895,1.577,7.945,8.401,3.419,15.58,No,Motor Imagery,13.46,Relaxed
2198,39,5,332336,1.699,3.169,7.694,8.6,2.745,35.14,Yes,Motor Imagery,74.26,Relaxed
2199,31,3,181549,4.548,4.816,0.545,2.136,1.077,22.11,Yes,Motor Imagery,28.89,Distracted
2200,47,2,167973,4.673,3.17,0.858,5.12,3.82,10.74,Yes,Resting,88.35,Focused
2201,43,8,52021,2.312,2.345,1.607,7.472,1.858,28.41,No,Cognitive Load,42.83,Focused
2202,50,3,29092,4.506,0.953,3.116,7.853,0.606,28.94,Yes,Motor Imagery,17.17,Distracted
2203,23,7,368987,2.228,3.527,6.724,7.954,0.528,15.04,No,Resting,98.58,Distracted
2204,44,1,312865,3.816,1.992,7.195,2.668,2.625,5.96,No,Visual Stimulus,17.66,Focused
2205,38,6,290655,2.642,3.882,1.901,2.329,1.807,11.99,Yes,Motor Imagery,56.76,Relaxed
2206,20,3,72782,1.052,5.875,5.147,6.105,0.468,18.99,No,Motor Imagery,56.93,Relaxed
2207,23,8,364206,4.676,1.112,7.38,7.54,2.987,10.86,Yes,Motor Imagery,37.28,Fatigued
2208,45,6,313651,2.543,1.667,3.978,3.532,3.217,11.79,Yes,Resting,95.15,Focused
2209,16,2,207580,3.805,3.102,1.277,1.495,2.929,18.7,No,Motor Imagery,84.39,Distracted
2210,50,6,272827,2.152,5.827,3.934,7.309,0.889,38.66,No,Motor Imagery,82.98,Fatigued
2211,42,7,547952,0.585,4.745,3.318,3.347,2.79,31.75,No,Cognitive Load,97.42,Relaxed
2212,8,5,164244,0.952,5.44,4.832,2.08,0.142,16.19,No,Resting,45.71,Focused
2213,50,3,476857,2.733,2.335,3.79,1.903,1.29,38.31,No,Cognitive Load,9.72,Fatigued
2214,21,4,64340,3.605,5.956,0.63,3.492,1.655,27.6,No,Cognitive Load,76.55,Relaxed
2215,1,4,11017,2.006,1.066,7.955,6.13,3.357,20.94,Yes,Cognitive Load,38.08,Distracted
2216,8,6,554636,3.63,0.791,4.577,3.905,1.623,21.39,No,Cognitive Load,19.03,Relaxed
2217,29,10,409664,3.644,5.206,4.052,0.696,0.144,19.38,Yes,Visual Stimulus,48.32,Relaxed
2218,32,1,271635,3.668,5.6,7.66,1.421,1.474,13.15,No,Motor Imagery,92.57,Focused
2219,38,4,209720,2.716,0.998,1.669,3.26,2.046,18.53,Yes,Cognitive Load,17.14,Distracted
2220,5,10,121070,4.617,1.124,1.919,6.767,3.801,23.48,No,Resting,84.87,Focused
2221,47,4,262512,2.701,0.682,6.56,1.436,3.77,23.48,No,Motor Imagery,41.82,Distracted
2222,22,10,35010,2.526,1.075,2.456,5.826,0.805,31.66,Yes,Cognitive Load,13.68,Fatigued
2223,47,1,560139,1.397,1.652,6.494,1.639,0.822,17.56,No,Cognitive Load,84.84,Relaxed
2224,34,9,591293,1.884,5.835,2.537,2.51,0.737,30.09,No,Resting,96.96,Focused
2225,1,4,37493,0.691,4.173,0.749,2.136,3.177,25.23,Yes,Visual Stimulus,29.13,Distracted
2226,26,7,534580,3.351,4.782,4.378,1.139,0.123,38.66,No,Resting,30.35,Focused
2227,43,3,523238,1.618,4.769,1.975,6.878,0.596,18.48,Yes,Visual Stimulus,39.05,Relaxed
2228,10,10,101735,1.869,3.443,6.184,4.902,2.198,36.54,No,Visual Stimulus,81.41,Relaxed
2229,30,3,547200,3.969,4.886,5.309,8.395,1.065,33.72,Yes,Visual Stimulus,1.04,Fatigued
2230,50,8,80771,1.972,3.777,7.427,1.439,0.46,27.32,No,Cognitive Load,22.4,Distracted
2231,18,8,99083,1.59,2.23,6.372,1.875,1.504,27.91,Yes,Cognitive Load,70.59,Distracted
2232,17,1,398750,1.261,3.586,1.856,3.411,1.169,7.96,Yes,Visual Stimulus,40.56,Fatigued
2233,26,10,232682,3.987,3.434,6.501,7.776,2.093,38.26,No,Visual Stimulus,33.03,Fatigued
2234,8,2,428886,1.084,5.029,5.313,3.405,3.919,8.74,No,Cognitive Load,87.23,Distracted
2235,47,8,229171,2.542,5.899,5.517,4.38,0.585,24.71,No,Visual Stimulus,91.73,Distracted
2236,40,1,373839,2.781,2.761,6.742,3.365,1.554,16.55,Yes,Cognitive Load,94.8,Focused
2237,49,8,167558,3.593,4.699,4.804,1.262,3.735,20.04,No,Visual Stimulus,27.26,Distracted
2238,12,8,296412,3.35,1.049,3.995,9.425,3.52,26.36,No,Cognitive Load,91.25,Focused
2239,27,2,107338,4.148,4.773,5.275,5.711,1.638,36.81,No,Resting,73.7,Focused
2240,8,4,474551,0.701,2.543,2.735,7.984,2.826,21.01,Yes,Visual Stimulus,15.42,Focused
2241,25,6,288480,1.834,0.717,1.869,6.754,0.443,39.57,No,Visual Stimulus,61.03,Focused
2242,46,9,87132,1.761,2.498,5.124,5.385,2.879,25.75,No,Resting,2.63,Relaxed
2243,4,8,295103,1.157,3.859,2.254,1.352,3.894,10.62,No,Motor Imagery,70.84,Fatigued
2244,33,8,144378,1.801,1.156,1.099,6.606,2.196,11.65,Yes,Visual Stimulus,73.36,Fatigued
2245,1,7,177254,1.894,5.582,0.504,1.976,2.044,30.06,No,Motor Imagery,78.93,Distracted
2246,19,9,598411,2.848,0.927,5.062,4.437,0.831,6.76,No,Resting,17.25,Fatigued
2247,31,2,449542,3.487,5.615,3.216,6.477,2.572,21.81,No,Visual Stimulus,62.82,Fatigued
2248,16,3,545786,2.215,4.389,6.142,7.931,2.403,10.19,Yes,Motor Imagery,17.89,Relaxed
2249,14,10,594486,3.738,2.313,3.314,7.008,2.643,20.16,No,Visual Stimulus,94.67,Focused
2250,48,8,500585,2.013,2.649,4.145,6.88,0.202,31.25,Yes,Visual Stimulus,67.5,Focused
2251,5,6,27197,1.806,4.574,3.553,1.916,2.24,21.06,No,Cognitive Load,9.53,Focused
2252,41,10,108775,2.935,3.808,5.379,3.788,2.42,10.72,No,Motor Imagery,18.7,Fatigued
2253,26,9,111030,0.607,4.194,3.171,0.908,0.909,13.82,No,Cognitive Load,66.35,Fatigued
2254,28,10,316790,0.859,2.64,7.728,7.335,0.912,17.86,Yes,Cognitive Load,47.67,Distracted
2255,2,4,401752,2.381,3.183,7.521,9.55,1.177,7.43,No,Motor Imagery,73.63,Relaxed
2256,50,8,56747,4.743,5.944,6.86,3.009,2.876,25.45,No,Motor Imagery,28.08,Relaxed
2257,6,10,45712,3.747,1.677,7.402,1.333,2.464,26.26,No,Cognitive Load,65.79,Distracted
2258,9,3,399489,0.897,2.798,3.869,5.018,3.398,7.18,No,Visual Stimulus,17.7,Distracted
2259,33,3,333964,4.308,2.105,4.523,8.639,1.253,19.08,Yes,Visual Stimulus,54.37,Distracted
2260,41,8,125342,3.795,4.708,6.066,5.744,3.657,19.49,No,Resting,95.78,Focused
2261,25,5,336497,3.249,4.702,5.721,0.944,3.0,16.68,Yes,Visual Stimulus,62.82,Focused
2262,48,3,487707,4.191,2.108,7.18,9.756,1.641,24.52,No,Motor Imagery,5.0,Focused
2263,13,10,92091,2.318,0.948,5.872,8.372,0.472,17.11,No,Motor Imagery,98.88,Focused
2264,9,1,348058,1.497,0.563,7.984,1.75,1.102,19.57,Yes,Resting,15.69,Distracted
2265,13,3,181902,2.804,2.851,3.114,9.257,3.831,32.91,No,Motor Imagery,71.81,Distracted
2266,31,9,410343,2.97,2.757,6.747,4.782,1.31,10.67,No,Cognitive Load,53.25,Distracted
2267,41,5,246222,2.922,5.936,5.732,4.033,1.387,26.67,No,Resting,29.44,Focused
2268,11,10,214560,3.043,3.084,5.685,4.88,0.839,22.7,No,Resting,17.73,Focused
2269,4,2,535827,4.769,1.91,2.944,8.428,3.247,15.68,No,Visual Stimulus,17.77,Fatigued
2270,34,7,275478,4.56,5.402,6.392,6.765,1.175,30.46,No,Visual Stimulus,85.84,Distracted
2271,38,2,421743,4.441,3.201,7.253,1.063,1.388,24.29,No,Cognitive Load,87.29,Relaxed
2272,46,4,514906,4.106,3.795,2.139,9.597,1.716,21.71,No,Cognitive Load,46.51,Relaxed
2273,4,7,582296,4.745,1.026,5.191,1.904,1.792,28.37,No,Visual Stimulus,10.36,Fatigued
2274,38,4,476492,0.943,2.606,3.441,7.583,1.704,33.08,Yes,Visual Stimulus,88.42,Focused
2275,19,7,361462,1.693,5.693,7.922,6.543,2.065,39.04,Yes,Cognitive Load,48.7,Distracted
2276,6,7,419924,2.728,3.742,4.091,2.282,3.277,27.03,No,Visual Stimulus,43.88,Focused
2277,34,1,67300,4.309,2.395,2.212,2.122,3.295,35.61,No,Resting,40.74,Focused
2278,18,6,391407,2.773,3.941,3.364,8.768,3.213,5.04,No,Cognitive Load,36.5,Relaxed
2279,13,9,191285,3.866,5.507,5.404,4.487,0.494,23.56,No,Visual Stimulus,52.6,Relaxed
2280,41,2,376460,1.125,2.007,1.071,6.718,3.219,12.51,No,Motor Imagery,60.45,Distracted
2281,23,3,98971,1.636,3.278,5.027,5.289,0.569,8.3,No,Motor Imagery,46.64,Distracted
2282,19,10,38744,3.793,5.773,7.484,7.41,0.586,23.62,No,Cognitive Load,89.66,Focused
2283,45,5,378226,1.241,1.448,6.878,5.053,3.797,31.14,No,Motor Imagery,31.77,Focused
2284,11,9,319586,2.081,4.458,1.008,3.23,3.296,19.43,No,Motor Imagery,57.83,Fatigued
2285,1,4,369061,1.692,3.88,7.95,3.952,2.254,28.45,No,Resting,30.0,Focused
2286,24,1,234975,2.074,4.238,5.74,8.661,3.512,22.14,Yes,Cognitive Load,75.34,Fatigued
2287,7,4,527938,3.687,2.432,1.717,4.946,3.959,20.3,Yes,Motor Imagery,10.21,Focused
2288,25,6,569405,2.155,2.226,0.593,2.528,2.482,15.16,Yes,Visual Stimulus,18.87,Focused
2289,21,5,48113,2.999,4.263,1.785,9.379,2.49,18.39,Yes,Cognitive Load,80.12,Focused
2290,15,1,139861,0.95,1.685,6.786,8.068,3.042,17.24,Yes,Cognitive Load,18.32,Distracted
2291,1,4,32125,4.123,2.808,0.662,1.029,1.005,27.62,No,Motor Imagery,62.57,Distracted
2292,12,6,229767,2.164,1.535,2.249,9.99,0.752,9.06,No,Motor Imagery,97.02,Distracted
2293,7,10,392144,3.418,0.546,6.18,7.102,3.062,8.24,No,Resting,52.29,Fatigued
2294,15,10,178157,3.764,5.835,4.896,2.023,1.445,28.1,No,Visual Stimulus,18.74,Fatigued
2295,21,4,543056,1.443,2.874,6.371,2.753,0.627,24.12,No,Resting,32.07,Distracted
2296,19,9,343243,4.481,5.831,6.096,7.078,1.328,20.06,Yes,Resting,82.35,Fatigued
2297,29,5,253807,3.273,1.272,0.88,7.908,1.499,10.34,No,Visual Stimulus,35.17,Distracted
2298,25,8,181383,2.429,3.731,7.194,2.771,3.864,19.39,No,Motor Imagery,72.35,Relaxed
2299,33,9,198139,1.321,1.605,2.203,2.941,2.822,32.64,No,Resting,77.74,Distracted
2300,49,10,71017,4.74,4.845,4.65,3.418,2.17,36.14,No,Cognitive Load,50.12,Relaxed
2301,32,5,545648,3.898,4.81,5.332,6.181,3.879,29.59,No,Resting,78.32,Focused
2302,49,6,502394,1.436,1.119,1.765,2.132,3.622,7.1,No,Visual Stimulus,31.69,Fatigued
2303,35,1,257137,2.02,5.516,7.822,1.49,2.097,28.46,Yes,Resting,51.62,Fatigued
2304,44,7,301075,4.144,1.57,4.161,6.949,3.632,13.43,No,Resting,68.66,Distracted
2305,38,4,55823,3.631,3.871,0.932,7.901,1.677,16.03,Yes,Cognitive Load,16.81,Focused
2306,26,2,18807,3.946,5.921,7.529,5.259,0.999,11.86,No,Visual Stimulus,27.36,Focused
2307,11,5,577701,2.485,5.353,4.897,3.956,1.007,32.15,No,Cognitive Load,65.2,Focused
2308,35,3,539828,3.724,5.761,5.744,4.604,2.683,27.7,No,Motor Imagery,65.54,Focused
2309,8,6,70248,2.239,2.384,4.439,4.19,2.054,26.41,No,Visual Stimulus,49.33,Fatigued
2310,46,8,252515,1.451,1.081,6.761,9.62,2.67,28.38,Yes,Resting,79.56,Distracted
2311,14,7,110494,3.347,1.536,0.749,7.797,2.776,13.29,No,Cognitive Load,48.21,Distracted
2312,10,3,544075,4.892,3.253,2.513,2.477,0.187,20.56,Yes,Cognitive Load,88.13,Relaxed
2313,2,8,283126,1.898,4.863,4.022,4.15,0.311,27.16,No,Visual Stimulus,73.59,Fatigued
2314,46,2,250768,2.574,1.326,1.075,5.668,2.177,27.28,No,Cognitive Load,31.47,Relaxed
2315,9,10,546894,3.533,4.129,5.794,6.323,0.845,32.71,No,Visual Stimulus,39.53,Focused
2316,3,9,233867,2.937,2.28,3.452,4.948,2.567,15.05,Yes,Motor Imagery,66.77,Distracted
2317,21,4,112223,4.295,2.377,2.545,8.196,2.254,31.96,No,Visual Stimulus,89.45,Relaxed
2318,26,1,571224,3.928,4.141,0.525,7.792,2.384,20.41,No,Visual Stimulus,17.87,Fatigued
2319,8,8,561669,0.762,3.068,5.899,5.299,1.28,28.46,No,Motor Imagery,51.47,Distracted
2320,48,7,383609,4.993,4.966,6.754,8.617,2.595,20.95,No,Motor Imagery,11.88,Fatigued
2321,2,5,413811,3.886,1.358,3.463,7.635,3.335,38.2,No,Resting,27.95,Distracted
2322,6,10,568482,4.388,4.845,4.732,7.897,3.992,11.28,Yes,Cognitive Load,68.6,Fatigued
2323,28,5,288997,3.43,0.853,2.208,9.586,3.37,28.63,No,Motor Imagery,7.77,Fatigued
2324,29,7,335863,4.353,1.567,5.166,3.031,2.274,25.18,No,Motor Imagery,66.24,Distracted
2325,26,5,151733,1.006,4.109,0.591,3.043,0.854,11.05,No,Cognitive Load,90.08,Fatigued
2326,25,8,523512,2.065,5.202,4.165,8.945,2.758,7.31,No,Cognitive Load,96.94,Fatigued
2327,12,6,237777,4.444,1.89,5.332,7.836,3.757,32.97,No,Resting,21.66,Focused
2328,5,5,167567,1.407,2.3,7.386,9.302,0.926,10.51,No,Resting,74.89,Distracted
2329,34,9,13703,0.852,3.454,3.36,1.1,1.098,11.53,Yes,Visual Stimulus,92.64,Relaxed
2330,48,2,58453,4.047,1.664,6.239,6.464,0.681,39.25,No,Resting,9.14,Distracted
2331,37,1,501738,4.26,4.961,4.983,1.874,2.973,30.1,No,Motor Imagery,41.4,Distracted
2332,15,8,187063,1.232,4.755,7.453,5.287,1.686,13.77,Yes,Motor Imagery,91.94,Focused
2333,44,3,376440,4.345,1.299,3.488,1.98,0.345,25.68,Yes,Cognitive Load,20.28,Relaxed
2334,36,7,238411,3.59,3.051,2.893,1.717,3.512,23.69,No,Resting,93.38,Relaxed
2335,15,10,402932,2.84,4.762,7.154,0.616,2.275,34.56,No,Visual Stimulus,52.72,Relaxed
2336,43,8,571386,4.236,2.355,0.869,6.487,1.391,30.53,Yes,Visual Stimulus,9.99,Fatigued
2337,48,6,370579,2.387,3.982,1.523,3.911,1.442,34.11,Yes,Visual Stimulus,44.99,Fatigued
2338,23,10,51990,1.373,0.776,1.118,1.499,1.232,12.4,Yes,Visual Stimulus,32.63,Fatigued
2339,6,9,331065,1.782,3.848,6.823,3.567,1.876,27.41,No,Cognitive Load,28.22,Relaxed
2340,46,7,269357,2.773,1.34,0.58,2.105,1.414,6.41,No,Resting,54.15,Distracted
2341,50,10,124693,2.891,5.068,6.962,9.446,2.237,7.41,No,Resting,48.36,Distracted
2342,44,5,175295,4.125,2.455,3.885,3.54,3.117,29.97,No,Resting,48.2,Relaxed
2343,43,8,330515,4.061,2.049,0.53,3.673,2.73,5.85,No,Resting,8.81,Relaxed
2344,45,2,68274,3.116,5.125,3.512,8.479,1.248,25.29,No,Visual Stimulus,80.23,Focused
2345,21,7,266278,4.014,0.776,1.901,6.654,2.162,34.41,No,Visual Stimulus,48.14,Fatigued
2346,23,4,563889,1.363,2.681,5.183,7.247,3.376,18.3,No,Cognitive Load,82.09,Fatigued
2347,43,9,277834,0.725,2.535,5.595,6.542,0.366,6.57,Yes,Cognitive Load,82.46,Fatigued
2348,16,1,264053,4.431,2.066,4.156,9.489,0.405,29.98,No,Visual Stimulus,31.71,Focused
2349,47,7,353383,0.84,5.515,0.804,2.467,2.269,37.54,Yes,Motor Imagery,0.43,Focused
2350,15,6,342176,1.61,4.63,5.421,9.896,2.593,30.1,No,Resting,91.12,Focused
2351,25,8,536350,3.629,0.852,6.815,8.394,0.925,25.25,Yes,Cognitive Load,76.07,Relaxed
2352,36,5,337530,2.343,4.431,5.902,6.095,3.006,13.05,No,Visual Stimulus,10.73,Focused
2353,11,1,136225,4.443,3.4,6.725,6.793,2.62,5.54,No,Resting,70.17,Distracted
2354,15,1,141553,1.841,5.455,2.004,6.664,3.701,29.31,No,Resting,2.0,Relaxed
2355,4,9,99270,0.553,2.221,7.167,1.055,0.759,13.09,No,Visual Stimulus,2.78,Relaxed
2356,21,10,88887,1.853,3.658,2.916,2.571,3.03,35.04,No,Motor Imagery,52.58,Fatigued
2357,13,6,343686,3.101,3.254,0.601,9.634,0.426,21.32,No,Motor Imagery,9.6,Fatigued
2358,22,10,142012,2.192,3.193,6.825,5.576,2.305,23.57,No,Cognitive Load,96.43,Focused
2359,19,5,286629,2.907,3.009,7.564,4.094,2.252,31.39,No,Visual Stimulus,89.38,Distracted
2360,34,1,517537,4.445,1.631,5.417,7.739,1.615,32.28,Yes,Cognitive Load,64.98,Relaxed
2361,14,6,394283,4.606,4.656,2.236,5.483,3.394,27.49,No,Motor Imagery,6.37,Relaxed
2362,4,6,240491,1.697,2.982,2.388,0.625,0.117,37.85,No,Cognitive Load,32.48,Relaxed
2363,48,3,585885,2.58,5.772,3.999,7.494,2.129,39.38,No,Cognitive Load,37.17,Fatigued
2364,46,8,257808,2.971,1.934,7.234,7.456,0.947,38.14,No,Motor Imagery,48.09,Fatigued
2365,27,1,150635,4.771,4.255,1.622,2.069,3.0,33.85,No,Resting,16.89,Distracted
2366,29,1,280752,4.994,5.674,6.695,9.588,0.268,29.7,No,Resting,57.75,Fatigued
2367,47,6,467210,1.559,4.149,2.685,2.627,3.343,28.22,No,Motor Imagery,43.58,Distracted
2368,28,10,252773,3.771,5.292,6.564,4.849,3.369,8.63,No,Resting,94.73,Fatigued
2369,35,1,279365,2.201,5.051,7.402,1.59,3.348,14.5,No,Visual Stimulus,93.62,Distracted
2370,8,6,389821,0.536,2.481,3.706,6.231,0.695,5.2,No,Resting,56.55,Fatigued
2371,16,1,213678,0.542,3.801,3.238,4.067,2.559,9.81,Yes,Motor Imagery,64.43,Fatigued
2372,42,6,421153,2.573,1.359,6.517,3.855,0.156,20.37,No,Visual Stimulus,13.78,Focused
2373,36,3,455651,2.698,3.445,4.471,8.356,3.407,10.13,No,Cognitive Load,22.33,Focused
2374,30,8,180580,0.602,1.767,5.633,0.591,2.92,36.56,No,Motor Imagery,90.07,Focused
2375,18,6,519911,3.591,4.591,5.171,8.08,2.171,33.2,No,Motor Imagery,69.92,Distracted
2376,2,1,172903,1.823,3.404,1.647,5.929,2.949,7.51,No,Resting,18.94,Distracted
2377,49,5,436149,3.02,2.762,6.836,9.868,0.468,13.71,No,Visual Stimulus,57.02,Distracted
2378,13,8,440523,1.854,1.978,1.968,6.1,2.162,33.67,Yes,Motor Imagery,93.48,Distracted
2379,4,3,102951,1.252,5.993,7.492,1.026,1.236,33.11,No,Visual Stimulus,34.52,Focused
2380,26,6,305745,2.332,0.894,2.379,0.981,3.893,38.09,No,Visual Stimulus,18.58,Relaxed
2381,25,5,72178,1.545,0.74,6.004,8.89,3.443,39.91,No,Resting,94.2,Fatigued
2382,30,6,216383,2.907,1.695,2.635,8.492,2.96,39.17,No,Motor Imagery,46.13,Fatigued
2383,11,10,159826,1.395,5.841,2.883,3.786,3.742,19.35,Yes,Visual Stimulus,41.72,Distracted
2384,7,1,69893,2.788,5.886,2.825,6.371,1.453,13.76,No,Visual Stimulus,26.76,Focused
2385,31,7,348943,1.208,4.102,6.109,5.151,3.613,31.54,No,Cognitive Load,89.16,Relaxed
2386,44,9,513223,3.519,5.341,4.676,9.688,1.368,15.47,Yes,Resting,84.56,Focused
2387,10,2,275345,3.893,1.677,7.122,9.525,2.958,33.22,No,Motor Imagery,40.3,Fatigued
2388,39,10,275375,0.997,5.846,2.805,9.846,2.972,23.69,No,Visual Stimulus,3.06,Distracted
2389,13,5,256682,2.605,1.285,5.69,8.731,0.172,32.79,No,Resting,44.67,Distracted
2390,31,10,238886,0.819,1.056,6.147,9.141,1.508,14.66,Yes,Motor Imagery,18.09,Focused
2391,7,4,435711,3.192,1.117,1.636,2.564,0.176,22.78,No,Visual Stimulus,14.27,Distracted
2392,49,6,414384,1.69,3.652,3.504,8.395,3.989,24.74,No,Motor Imagery,39.31,Relaxed
2393,42,6,425840,2.874,4.795,4.121,7.234,0.577,38.01,No,Motor Imagery,9.91,Fatigued
2394,42,2,141707,2.829,2.517,3.168,9.646,2.217,14.33,No,Resting,95.75,Relaxed
2395,36,2,534252,4.66,5.878,2.916,5.927,3.183,37.78,Yes,Resting,4.75,Focused
2396,20,4,421001,2.971,2.889,5.648,1.309,0.885,33.17,No,Cognitive Load,40.14,Fatigued
2397,4,1,12336,3.123,1.327,2.119,6.175,1.992,30.58,No,Cognitive Load,16.27,Relaxed
2398,7,9,420628,2.307,3.063,5.82,7.023,2.469,32.54,No,Cognitive Load,68.88,Relaxed
2399,1,7,82212,4.771,4.235,7.513,2.593,0.725,26.19,No,Visual Stimulus,7.88,Relaxed
2400,44,7,45591,3.997,5.077,4.739,4.244,3.136,13.54,Yes,Cognitive Load,54.68,Fatigued
2401,45,3,428670,1.784,3.023,5.086,6.186,1.267,11.63,No,Motor Imagery,77.31,Fatigued
2402,42,3,289372,4.299,3.765,1.017,4.054,0.923,35.32,No,Resting,95.01,Distracted
2403,47,1,14429,2.446,1.97,6.984,4.062,2.277,30.38,No,Motor Imagery,69.85,Focused
2404,13,3,84294,4.229,4.053,2.641,1.764,1.7,12.46,Yes,Resting,9.95,Distracted
2405,22,3,377721,4.203,5.923,5.113,9.437,3.689,26.53,No,Resting,8.85,Focused
2406,21,4,184087,1.35,0.77,7.843,7.63,3.532,20.66,No,Motor Imagery,73.16,Fatigued
2407,22,4,331080,3.655,5.376,4.966,0.512,1.985,10.55,Yes,Motor Imagery,21.53,Relaxed
2408,28,3,211979,1.808,3.593,5.935,7.773,1.501,23.61,No,Visual Stimulus,44.72,Distracted
2409,9,10,37310,1.839,1.887,3.84,7.528,1.37,14.85,Yes,Resting,97.66,Fatigued
2410,26,8,199899,1.834,5.752,0.953,0.592,1.143,8.37,No,Cognitive Load,81.99,Fatigued
2411,9,8,428472,3.765,3.158,6.482,4.011,2.224,21.34,No,Visual Stimulus,84.66,Fatigued
2412,15,1,207500,1.534,2.324,0.762,6.264,3.239,25.65,No,Cognitive Load,86.08,Distracted
2413,10,7,99862,0.504,1.498,5.755,4.801,1.312,6.64,No,Visual Stimulus,61.95,Fatigued
2414,24,2,301033,3.719,1.844,0.672,7.891,0.841,19.07,No,Resting,74.39,Focused
2415,42,1,313572,1.27,5.081,6.967,4.542,1.954,14.02,No,Motor Imagery,35.9,Focused
2416,8,3,372646,0.97,3.879,1.682,1.962,0.369,6.07,No,Motor Imagery,99.84,Relaxed
2417,24,4,430423,1.569,5.523,4.357,9.776,2.835,9.4,No,Resting,27.96,Distracted
2418,16,6,574543,2.21,1.776,4.979,2.799,2.122,9.87,No,Motor Imagery,59.0,Distracted
2419,49,10,367968,2.642,1.166,3.932,7.318,2.036,11.4,No,Resting,28.21,Distracted
2420,26,5,222603,0.701,0.533,3.056,1.86,1.272,33.12,No,Resting,11.21,Distracted
2421,27,4,42438,4.868,3.293,4.009,3.626,3.628,20.38,No,Resting,56.76,Distracted
2422,37,8,241482,3.722,5.991,2.836,4.699,0.453,10.15,No,Visual Stimulus,35.33,Fatigued
2423,4,4,494476,1.954,4.322,3.786,2.326,3.492,8.51,Yes,Motor Imagery,58.32,Fatigued
2424,50,10,481153,1.934,2.196,3.192,4.775,1.569,15.43,Yes,Visual Stimulus,55.87,Focused
2425,24,2,207374,2.518,5.323,4.747,1.993,3.534,32.93,Yes,Cognitive Load,54.23,Distracted
2426,19,3,337766,3.318,4.799,2.284,5.811,2.942,17.76,No,Resting,12.33,Distracted
2427,36,6,501955,1.159,0.585,7.915,6.805,0.506,10.6,No,Motor Imagery,44.02,Distracted
2428,39,8,550730,1.35,4.993,4.257,1.093,3.343,19.14,No,Cognitive Load,81.2,Focused
2429,10,8,81948,4.367,2.153,1.956,8.776,2.76,24.44,Yes,Resting,31.51,Distracted
2430,25,9,254657,1.653,1.323,4.078,2.259,0.226,6.04,No,Cognitive Load,44.38,Distracted
2431,18,7,287740,2.211,1.745,6.998,2.641,0.621,26.97,No,Visual Stimulus,49.38,Fatigued
2432,19,2,566694,4.421,3.077,0.664,6.783,2.579,18.83,No,Visual Stimulus,86.27,Focused
2433,36,8,40524,3.484,2.837,5.597,4.953,2.684,5.34,No,Motor Imagery,65.56,Fatigued
2434,10,7,154404,2.038,2.089,4.61,5.244,3.012,28.59,No,Cognitive Load,10.02,Relaxed
2435,33,8,110160,3.577,1.447,1.772,1.717,2.909,29.93,No,Cognitive Load,86.52,Distracted
2436,50,3,146836,0.589,4.692,6.631,8.154,2.672,27.01,Yes,Visual Stimulus,83.21,Relaxed
2437,5,7,480891,3.81,5.946,3.267,6.362,3.088,16.97,No,Visual Stimulus,75.36,Distracted
2438,47,10,167442,2.692,4.778,2.704,1.786,2.343,23.54,No,Motor Imagery,46.61,Relaxed
2439,49,9,568933,4.159,2.128,6.711,4.053,1.117,18.55,No,Resting,75.75,Fatigued
2440,35,3,384903,4.796,1.846,5.289,8.199,3.658,29.52,Yes,Motor Imagery,47.87,Focused
2441,44,10,269388,4.666,1.697,7.237,5.899,0.171,25.43,Yes,Visual Stimulus,73.66,Relaxed
2442,34,6,85501,4.592,1.252,5.224,1.532,1.53,7.86,No,Motor Imagery,88.01,Fatigued
2443,33,2,117450,2.805,3.532,6.056,4.041,2.943,27.51,No,Resting,89.05,Relaxed
2444,21,2,279100,2.121,3.83,6.773,2.806,1.766,29.05,No,Visual Stimulus,45.46,Relaxed
2445,17,5,492134,2.593,4.38,0.911,5.416,0.197,17.97,No,Resting,85.93,Focused
2446,22,5,200658,3.605,4.241,6.32,8.512,0.357,35.65,No,Motor Imagery,10.15,Fatigued
2447,48,7,540997,4.478,2.108,5.103,4.645,2.63,34.51,No,Resting,10.18,Focused
2448,37,2,380572,1.431,2.317,1.021,4.617,3.863,11.13,No,Visual Stimulus,54.83,Distracted
2449,15,7,277354,4.632,4.248,4.314,9.101,2.252,36.65,Yes,Visual Stimulus,65.18,Focused
2450,35,5,169746,4.168,2.422,1.118,5.974,2.076,20.43,No,Resting,15.3,Focused
2451,28,6,518467,4.905,1.669,6.02,5.879,1.341,30.33,No,Motor Imagery,47.22,Relaxed
2452,7,8,100025,4.461,2.559,4.599,2.988,1.101,33.49,Yes,Motor Imagery,9.44,Relaxed
2453,32,10,410949,1.76,1.996,7.652,6.273,0.182,22.68,No,Motor Imagery,60.21,Relaxed
2454,11,4,151152,0.977,0.986,1.874,5.971,1.165,18.97,No,Motor Imagery,85.51,Fatigued
2455,10,7,495416,1.005,5.066,5.045,4.27,1.852,37.04,Yes,Cognitive Load,73.76,Focused
2456,9,6,184484,1.811,5.192,2.087,9.912,0.872,13.08,Yes,Cognitive Load,37.83,Distracted
2457,14,10,190043,3.264,1.709,5.105,8.878,0.441,13.99,No,Resting,99.38,Relaxed
2458,13,2,65480,4.119,0.856,5.92,7.621,2.899,17.66,No,Cognitive Load,66.29,Distracted
2459,25,8,315104,4.547,4.564,5.917,5.605,3.589,35.08,No,Cognitive Load,81.52,Focused
2460,2,10,234622,3.307,1.663,6.613,4.89,3.753,37.86,No,Cognitive Load,66.97,Focused
2461,35,9,434368,0.525,2.664,6.902,2.257,2.51,12.7,No,Resting,98.94,Focused
2462,7,5,420466,1.338,0.853,1.08,3.405,0.306,35.24,No,Cognitive Load,82.14,Distracted
2463,21,10,118922,0.949,1.744,3.075,7.853,2.989,14.04,No,Motor Imagery,51.94,Distracted
2464,18,4,516576,2.135,4.861,5.653,4.811,0.529,38.97,No,Motor Imagery,36.69,Distracted
2465,3,6,439628,2.756,4.924,4.239,8.882,2.712,25.91,No,Resting,68.22,Focused
2466,42,8,306020,0.695,1.639,1.93,1.905,3.14,5.25,No,Resting,59.02,Focused
2467,39,3,84433,2.068,2.348,4.645,5.329,2.931,6.19,No,Resting,62.94,Relaxed
2468,41,10,73704,1.306,1.238,3.556,6.646,3.812,10.16,No,Visual Stimulus,34.3,Fatigued
2469,49,1,531149,3.412,0.908,3.425,5.41,2.979,11.57,Yes,Cognitive Load,42.87,Distracted
2470,11,4,238366,2.589,5.957,6.573,8.948,2.804,31.87,No,Resting,55.81,Fatigued
2471,39,4,324058,2.729,4.106,3.557,9.901,1.121,12.8,No,Resting,83.93,Distracted
2472,24,1,63888,2.425,3.482,0.698,1.6,3.707,38.92,No,Resting,76.29,Distracted
2473,46,9,585581,4.802,4.71,0.935,1.735,0.8,27.26,No,Motor Imagery,11.87,Fatigued
2474,19,3,213596,1.466,5.12,6.922,1.738,3.629,29.24,No,Resting,24.56,Fatigued
2475,4,5,68515,2.825,4.937,7.705,6.971,1.319,12.62,No,Motor Imagery,2.67,Distracted
2476,26,6,416740,3.812,0.591,5.663,4.04,0.608,36.24,Yes,Motor Imagery,0.8,Focused
2477,38,8,269209,3.006,1.527,3.233,7.466,3.324,28.37,No,Visual Stimulus,22.44,Relaxed
2478,42,6,164437,4.681,4.102,7.54,4.352,0.11,35.25,No,Resting,79.93,Distracted
2479,32,3,188929,2.201,2.567,5.471,6.462,3.345,38.48,Yes,Visual Stimulus,90.47,Relaxed
2480,39,6,136694,2.587,5.904,6.833,7.814,1.123,9.4,No,Resting,39.18,Focused
2481,45,1,241540,0.898,4.16,6.244,5.708,3.55,8.38,No,Cognitive Load,56.32,Focused
2482,46,4,246476,3.24,5.761,3.344,5.625,2.797,33.12,Yes,Resting,70.61,Relaxed
2483,36,6,364534,1.797,1.608,4.09,1.338,2.698,35.31,No,Resting,95.29,Distracted
2484,40,7,359000,1.221,5.252,1.896,4.402,1.525,25.43,No,Resting,91.29,Relaxed
2485,37,10,425910,2.95,2.267,2.69,5.685,0.332,17.81,No,Resting,5.72,Distracted
2486,33,3,22995,2.895,5.943,6.336,4.889,3.337,27.84,No,Resting,24.82,Fatigued
2487,36,9,441168,0.841,1.367,7.205,9.057,0.767,15.7,No,Resting,4.91,Distracted
2488,3,7,70799,3.642,3.34,5.933,9.112,1.552,13.34,No,Visual Stimulus,61.65,Fatigued
2489,9,1,499471,3.307,4.861,3.989,8.308,2.441,22.09,Yes,Cognitive Load,71.05,Fatigued
2490,8,2,37276,1.351,2.88,1.149,4.065,1.981,12.57,No,Visual Stimulus,30.83,Relaxed
2491,33,1,558811,2.612,3.074,0.927,7.314,0.875,21.93,No,Cognitive Load,85.39,Fatigued
2492,6,9,197127,3.741,5.925,3.307,4.255,0.648,38.48,No,Visual Stimulus,45.28,Relaxed
2493,41,9,316759,2.882,2.839,3.979,2.71,0.581,34.39,Yes,Visual Stimulus,99.84,Relaxed
2494,39,7,489858,2.28,3.822,5.068,3.758,3.466,37.96,No,Resting,0.04,Focused
2495,4,10,503256,1.951,0.8,0.549,1.174,0.223,33.22,No,Visual Stimulus,10.95,Relaxed
2496,13,3,10514,3.247,5.132,7.923,3.652,3.91,17.42,No,Cognitive Load,30.18,Focused
2497,49,5,47456,4.726,4.065,3.23,4.877,0.874,33.42,No,Motor Imagery,2.55,Focused
2498,2,4,7233,3.523,2.722,6.861,9.577,0.53,37.3,No,Cognitive Load,78.23,Relaxed
2499,5,7,263246,0.836,0.589,4.512,3.477,2.35,38.15,Yes,Visual Stimulus,5.28,Distracted
2500,44,9,66133,2.573,3.754,1.478,9.073,0.412,28.91,No,Motor Imagery,74.9,Distracted
2501,27,2,478409,4.509,0.57,6.482,2.674,2.45,12.4,No,Resting,5.26,Relaxed
2502,32,8,399472,0.925,0.507,5.824,2.314,3.417,6.39,No,Motor Imagery,25.27,Fatigued
2503,21,9,108684,4.95,3.889,4.456,5.43,0.287,10.15,No,Resting,84.13,Relaxed
2504,8,10,326944,4.771,1.54,4.359,6.889,3.219,38.79,No,Cognitive Load,95.11,Fatigued
2505,38,10,522116,0.852,1.555,1.156,0.921,1.638,21.17,No,Motor Imagery,41.45,Distracted
2506,8,9,565836,4.7,4.093,5.419,2.6,0.722,34.92,No,Motor Imagery,96.99,Fatigued
2507,50,10,209272,2.134,0.795,7.334,4.829,0.787,21.28,No,Motor Imagery,62.69,Relaxed
2508,3,7,435583,4.301,2.224,1.199,3.645,3.683,28.13,No,Resting,41.58,Fatigued
2509,44,9,220994,2.383,1.322,2.476,7.27,0.531,5.84,No,Resting,80.28,Focused
2510,3,9,127602,2.484,3.691,7.267,5.356,3.48,13.75,Yes,Cognitive Load,29.53,Focused
2511,22,3,423471,3.354,4.14,2.633,2.023,2.223,20.27,No,Cognitive Load,26.58,Relaxed
2512,6,4,545470,3.985,4.466,5.405,8.997,0.252,27.07,No,Visual Stimulus,65.65,Relaxed
2513,2,2,301517,0.652,1.904,4.511,3.283,1.911,11.0,No,Resting,39.05,Relaxed
2514,23,10,305163,3.169,0.991,4.972,7.446,3.288,31.76,No,Cognitive Load,13.59,Distracted
2515,44,3,193691,1.34,0.933,3.618,7.909,2.932,17.75,No,Motor Imagery,6.7,Distracted
2516,2,5,278187,2.057,2.844,2.75,9.65,2.006,33.61,No,Motor Imagery,78.78,Distracted
2517,38,5,438748,2.066,5.702,0.864,5.236,3.454,8.43,No,Motor Imagery,67.59,Focused
2518,17,6,232362,2.611,1.698,6.082,6.35,0.569,28.79,No,Cognitive Load,41.18,Fatigued
2519,35,7,197008,2.004,1.912,6.096,3.681,3.649,15.27,Yes,Motor Imagery,89.62,Focused
2520,34,7,281383,0.983,1.055,5.53,6.943,3.401,32.84,No,Motor Imagery,41.09,Fatigued
2521,23,1,141488,1.155,3.831,5.327,4.902,2.862,19.08,No,Resting,71.03,Fatigued
2522,30,2,548694,0.65,4.239,2.328,4.658,3.29,28.29,No,Resting,90.91,Relaxed
2523,8,9,264019,2.616,4.036,0.668,8.627,2.221,37.7,No,Cognitive Load,84.07,Relaxed
2524,22,10,512447,4.795,5.236,6.565,0.977,2.733,5.72,No,Resting,51.11,Distracted
2525,44,2,495288,1.021,3.175,4.184,8.879,2.286,5.39,No,Visual Stimulus,68.06,Relaxed
2526,36,6,398968,4.758,1.24,2.801,8.595,1.486,31.96,No,Cognitive Load,41.37,Focused
2527,5,1,479969,3.8,2.092,1.264,5.31,2.319,27.62,No,Visual Stimulus,64.72,Focused
2528,13,3,209097,3.369,4.143,0.97,5.157,1.104,15.25,Yes,Visual Stimulus,25.76,Focused
2529,29,2,394569,3.404,3.872,3.117,3.937,1.817,22.3,No,Cognitive Load,43.47,Relaxed
2530,31,3,200919,4.22,3.421,6.536,9.945,1.195,6.47,Yes,Resting,20.95,Relaxed
2531,47,5,10794,0.981,4.256,7.39,1.556,0.579,11.74,No,Resting,3.82,Fatigued
2532,16,10,199542,2.771,4.006,7.226,6.107,1.355,19.86,No,Cognitive Load,58.85,Fatigued
2533,42,6,338074,3.637,5.347,7.4,6.976,3.423,34.19,No,Visual Stimulus,86.44,Relaxed
2534,30,9,41708,3.141,3.723,7.308,9.376,1.586,21.79,No,Cognitive Load,2.56,Focused
2535,16,10,174469,4.248,4.782,4.454,7.912,3.017,25.52,Yes,Cognitive Load,19.6,Relaxed
2536,12,4,355992,0.825,1.868,2.146,6.617,0.783,35.58,No,Motor Imagery,46.02,Distracted
2537,17,7,408654,3.608,4.23,6.485,1.61,1.755,15.81,No,Motor Imagery,66.59,Distracted
2538,16,6,542770,2.903,5.462,2.103,4.05,0.548,29.52,No,Visual Stimulus,17.12,Focused
2539,12,2,163543,2.206,2.622,2.504,1.819,0.641,35.16,No,Resting,5.67,Distracted
2540,8,10,371557,2.031,4.785,2.249,8.872,2.508,12.09,No,Motor Imagery,51.9,Relaxed
2541,20,8,499964,3.294,4.486,4.362,7.621,2.469,17.48,No,Motor Imagery,81.87,Relaxed
2542,3,7,54213,4.509,0.827,2.914,7.697,0.932,39.29,No,Visual Stimulus,3.52,Fatigued
2543,16,7,238697,2.733,3.698,1.656,6.696,1.95,39.41,No,Cognitive Load,34.94,Distracted
2544,30,8,347328,4.211,1.216,3.899,5.317,3.467,12.81,No,Motor Imagery,66.35,Distracted
2545,45,1,5435,2.31,5.82,7.054,1.925,0.779,7.33,No,Resting,13.07,Distracted
2546,23,1,139565,0.961,4.963,4.779,3.632,0.175,14.48,Yes,Visual Stimulus,23.59,Distracted
2547,28,8,203299,0.777,1.103,7.088,1.801,2.643,18.92,No,Motor Imagery,53.55,Focused
2548,40,4,282533,0.731,1.17,1.969,7.387,0.309,20.44,No,Visual Stimulus,95.32,Focused
2549,5,5,31498,2.211,3.77,1.752,2.022,3.922,26.66,No,Motor Imagery,28.73,Relaxed
2550,20,8,560113,2.018,2.397,4.817,7.17,2.478,36.48,No,Motor Imagery,48.75,Distracted
2551,40,5,279078,3.731,0.692,3.975,7.076,1.935,16.56,No,Visual Stimulus,39.99,Fatigued
2552,44,10,529862,3.843,3.479,5.451,4.863,1.777,34.75,No,Resting,89.74,Relaxed
2553,1,4,42782,0.729,2.633,6.46,1.785,2.335,8.27,No,Resting,7.19,Relaxed
2554,30,6,447628,1.495,1.056,6.135,3.491,0.453,6.47,Yes,Cognitive Load,56.61,Focused
2555,21,5,60561,1.734,4.911,7.567,3.541,3.727,22.64,No,Motor Imagery,84.61,Relaxed
2556,20,7,470440,2.964,5.533,3.487,7.154,2.54,7.09,No,Cognitive Load,98.81,Fatigued
2557,6,10,464535,1.15,4.661,2.048,1.581,0.818,18.74,Yes,Visual Stimulus,69.87,Distracted
2558,22,7,492232,1.103,5.023,4.632,8.376,2.294,36.39,No,Cognitive Load,37.99,Relaxed
2559,18,4,551039,4.747,1.691,1.331,7.73,0.62,13.45,No,Visual Stimulus,41.18,Fatigued
2560,8,5,300318,4.119,1.95,2.666,2.27,0.168,29.71,No,Resting,35.17,Focused
2561,39,3,56572,1.313,1.647,2.059,7.332,2.559,15.58,No,Visual Stimulus,60.36,Focused
2562,32,4,405257,2.33,4.708,3.474,6.851,2.629,6.57,No,Visual Stimulus,73.94,Distracted
2563,33,4,416443,2.1,5.714,1.334,7.607,2.376,24.48,No,Cognitive Load,81.95,Relaxed
2564,16,3,36069,4.06,4.443,0.739,2.295,0.816,34.22,No,Motor Imagery,41.66,Fatigued
2565,12,10,387902,2.796,5.348,5.426,1.997,2.453,19.33,No,Cognitive Load,71.67,Focused
2566,38,5,90715,1.075,4.013,5.077,2.747,0.32,26.61,Yes,Resting,91.62,Fatigued
2567,34,5,70793,3.825,2.632,5.813,3.976,2.476,36.5,No,Resting,92.08,Focused
2568,14,7,439717,2.286,2.842,5.453,8.04,2.261,32.64,No,Resting,70.4,Focused
2569,36,4,402993,1.683,0.914,1.357,7.51,2.655,11.79,No,Motor Imagery,63.69,Distracted
2570,33,4,142321,2.19,0.673,2.683,9.292,3.592,30.67,No,Cognitive Load,53.15,Fatigued
2571,23,9,21390,2.74,4.325,1.471,1.057,3.416,22.57,Yes,Visual Stimulus,18.32,Fatigued
2572,50,6,20369,2.044,2.911,6.822,0.61,3.925,31.11,No,Visual Stimulus,12.36,Fatigued
2573,45,4,143953,1.589,3.537,6.102,7.142,3.907,22.31,No,Motor Imagery,48.57,Focused
2574,2,2,271731,2.293,3.567,2.011,3.153,3.112,9.48,No,Resting,15.94,Distracted
2575,41,6,224872,0.586,2.026,3.06,3.674,3.83,24.95,No,Motor Imagery,57.7,Fatigued
2576,21,2,467543,3.976,3.117,7.75,5.695,3.482,22.22,Yes,Visual Stimulus,64.57,Relaxed
2577,2,5,481127,1.269,3.089,4.956,1.473,2.938,23.13,No,Resting,52.56,Fatigued
2578,27,6,481363,0.698,2.636,6.509,6.606,0.394,35.76,No,Motor Imagery,3.64,Focused
2579,9,4,510790,3.442,5.014,2.484,3.589,0.291,36.32,No,Visual Stimulus,5.77,Distracted
2580,1,3,47013,3.983,2.981,2.075,6.511,3.367,20.87,Yes,Visual Stimulus,11.33,Fatigued
2581,11,7,146826,4.162,3.82,6.379,8.423,2.01,20.95,No,Motor Imagery,15.36,Fatigued
2582,3,2,78113,2.721,5.425,5.644,2.126,3.277,23.03,No,Visual Stimulus,98.99,Fatigued
2583,23,6,489847,1.424,5.264,5.607,9.343,1.32,23.19,No,Cognitive Load,34.45,Relaxed
2584,26,4,35282,3.818,5.397,4.645,5.542,1.651,38.26,No,Cognitive Load,29.2,Focused
2585,4,6,167809,3.649,1.985,4.727,9.268,2.831,27.73,No,Resting,5.23,Relaxed
2586,18,4,511188,1.608,0.692,6.018,2.473,3.67,14.71,No,Cognitive Load,63.53,Relaxed
2587,6,4,490643,4.565,1.936,2.525,6.243,0.442,23.6,No,Cognitive Load,65.22,Focused
2588,35,4,286268,0.97,2.033,3.146,4.337,3.46,26.95,No,Motor Imagery,17.54,Focused
2589,22,9,395412,4.922,5.501,7.037,7.855,3.193,27.39,No,Resting,91.92,Fatigued
2590,43,7,392515,4.371,4.071,2.816,6.256,1.331,25.48,No,Motor Imagery,80.05,Focused
2591,15,3,96651,3.596,0.949,4.597,5.198,1.485,11.22,Yes,Motor Imagery,23.03,Fatigued
2592,22,3,246549,4.724,1.245,5.77,9.173,0.281,6.18,No,Cognitive Load,48.58,Relaxed
2593,37,6,85395,3.75,1.356,7.999,4.083,0.161,16.82,Yes,Cognitive Load,45.84,Fatigued
2594,42,6,535633,1.357,3.967,3.765,2.59,1.96,19.96,No,Visual Stimulus,34.85,Focused
2595,12,4,392573,2.49,4.545,3.711,6.277,0.473,7.16,No,Visual Stimulus,81.76,Fatigued
2596,47,9,536343,0.822,5.228,6.819,6.428,0.857,33.52,No,Resting,10.93,Relaxed
2597,49,4,365837,2.253,5.674,6.541,4.671,3.402,17.04,Yes,Cognitive Load,41.53,Focused
2598,42,9,85283,3.837,1.609,5.983,5.123,2.327,36.98,No,Visual Stimulus,42.8,Focused
2599,38,4,44484,2.239,2.204,3.974,9.616,2.571,10.4,No,Motor Imagery,46.87,Distracted
2600,18,2,90135,1.986,1.822,2.93,7.461,0.831,6.99,No,Cognitive Load,86.13,Fatigued
2601,45,2,297915,3.179,2.473,5.065,1.551,3.332,21.88,No,Resting,21.82,Fatigued
2602,35,5,505694,4.425,5.531,7.072,2.515,3.485,11.62,No,Resting,10.29,Fatigued
2603,30,4,188726,0.714,3.663,7.128,9.768,2.141,37.81,Yes,Motor Imagery,61.78,Relaxed
2604,24,7,439756,2.235,4.56,1.314,7.401,3.659,5.36,No,Visual Stimulus,17.38,Relaxed
2605,42,5,214223,1.212,3.196,3.713,9.193,3.395,19.44,Yes,Motor Imagery,7.49,Focused
2606,30,6,117399,3.629,0.659,3.985,3.387,2.952,37.44,Yes,Visual Stimulus,42.66,Focused
2607,14,10,515609,0.976,0.853,7.832,7.548,2.963,18.45,No,Cognitive Load,21.96,Relaxed
2608,6,4,180645,3.492,3.459,5.585,7.283,0.511,8.26,No,Resting,36.12,Fatigued
2609,3,2,129344,1.788,4.453,3.554,3.3,1.156,15.6,No,Visual Stimulus,25.97,Fatigued
2610,16,10,142832,1.395,1.684,0.695,5.733,0.361,22.43,No,Motor Imagery,9.26,Relaxed
2611,7,9,287906,4.714,4.471,4.74,6.46,0.134,11.48,Yes,Cognitive Load,56.03,Fatigued
2612,14,10,182058,0.583,4.959,1.221,5.071,0.717,21.33,No,Visual Stimulus,2.7,Relaxed
2613,9,7,171172,2.47,2.765,6.758,8.358,3.534,34.27,No,Cognitive Load,96.64,Fatigued
2614,15,4,136016,0.597,4.605,6.144,8.412,1.036,35.54,No,Cognitive Load,34.13,Fatigued
2615,21,3,48825,2.676,2.722,3.954,8.581,3.884,6.72,No,Motor Imagery,69.52,Distracted
2616,35,10,13877,2.755,4.231,3.719,8.133,2.429,10.63,No,Motor Imagery,81.04,Focused
2617,2,3,423206,1.947,4.702,7.23,5.137,1.025,14.64,No,Cognitive Load,27.91,Fatigued
2618,27,9,129065,1.095,5.956,2.663,4.124,2.039,25.82,No,Cognitive Load,74.87,Fatigued
2619,2,5,361756,2.194,2.4,2.368,8.398,0.954,17.63,Yes,Visual Stimulus,83.24,Relaxed
2620,35,3,117674,3.525,2.761,7.544,5.157,3.937,34.54,No,Motor Imagery,24.13,Distracted
2621,18,5,115074,4.021,1.411,6.569,2.841,3.404,30.08,No,Visual Stimulus,99.25,Distracted
2622,14,2,517257,2.888,1.622,6.655,5.32,0.202,8.52,Yes,Resting,2.07,Relaxed
2623,20,4,396474,3.154,4.314,1.964,1.848,3.796,26.86,No,Visual Stimulus,21.7,Relaxed
2624,18,10,251881,1.403,5.544,1.575,7.07,2.912,8.96,No,Cognitive Load,78.0,Relaxed
2625,10,2,31629,1.793,2.67,0.695,3.691,0.421,13.93,No,Resting,19.41,Fatigued
2626,25,2,154030,1.229,1.489,2.278,2.976,2.715,11.23,Yes,Visual Stimulus,69.83,Relaxed
2627,2,8,432681,1.622,2.068,6.306,9.587,2.623,11.06,No,Resting,85.55,Focused
2628,25,1,469791,1.512,3.003,2.3,7.88,0.953,26.57,No,Motor Imagery,95.92,Relaxed
2629,33,7,487849,2.838,2.099,5.968,7.977,3.058,24.73,Yes,Visual Stimulus,47.42,Fatigued
2630,36,5,415769,3.032,1.785,2.389,6.425,0.44,11.16,Yes,Visual Stimulus,97.11,Focused
2631,31,8,262199,4.752,4.548,3.465,8.472,2.009,39.66,No,Motor Imagery,41.16,Fatigued
2632,14,1,88697,1.38,0.543,7.874,7.712,0.139,19.76,Yes,Visual Stimulus,21.81,Focused
2633,1,7,101505,3.388,3.466,2.336,6.188,3.878,8.4,No,Resting,51.39,Focused
2634,46,5,342864,4.178,4.866,3.323,9.631,3.031,9.22,No,Motor Imagery,64.98,Focused
2635,16,4,156390,3.021,1.964,2.758,2.32,0.72,25.44,No,Resting,45.8,Fatigued
2636,46,7,33734,1.648,3.818,1.322,9.462,1.433,39.27,No,Visual Stimulus,56.7,Focused
2637,3,10,213299,1.681,4.179,4.174,4.314,0.726,25.02,No,Visual Stimulus,41.64,Distracted
2638,35,2,142728,0.677,4.103,3.34,5.52,3.09,38.22,Yes,Visual Stimulus,52.48,Distracted
2639,41,1,504609,1.874,2.952,5.712,1.666,0.33,20.54,No,Visual Stimulus,95.26,Fatigued
2640,6,1,396848,3.851,2.406,6.632,5.631,3.378,20.25,No,Resting,49.98,Distracted
2641,25,1,323923,0.714,5.098,4.582,6.306,3.775,22.5,Yes,Visual Stimulus,25.32,Focused
2642,13,5,383331,1.487,4.671,0.741,9.978,2.739,29.41,No,Motor Imagery,75.87,Relaxed
2643,34,10,116603,3.678,2.267,5.142,9.764,0.931,17.87,No,Motor Imagery,33.76,Relaxed
2644,8,7,541228,4.022,1.067,0.915,9.681,1.504,35.24,No,Cognitive Load,81.62,Focused
2645,21,2,49297,2.549,0.895,5.123,3.81,1.961,6.02,No,Motor Imagery,5.68,Distracted
2646,34,10,60107,3.641,1.019,5.638,9.917,2.458,20.39,No,Cognitive Load,33.22,Focused
2647,4,8,344937,2.246,3.706,1.983,4.827,2.708,22.88,No,Motor Imagery,9.44,Relaxed
2648,25,4,409898,1.22,0.784,6.645,8.592,2.261,26.25,No,Motor Imagery,8.53,Relaxed
2649,15,3,543910,2.292,2.353,7.333,2.555,1.47,14.66,No,Visual Stimulus,65.84,Fatigued
2650,4,10,292552,3.11,4.643,6.598,5.305,3.575,19.96,Yes,Motor Imagery,38.53,Relaxed
2651,45,8,146479,4.766,2.119,2.788,9.677,0.417,21.96,Yes,Visual Stimulus,87.15,Fatigued
2652,12,2,160381,0.809,4.698,4.9,9.497,1.918,29.04,No,Visual Stimulus,51.64,Distracted
2653,32,3,93190,2.783,4.6,7.361,6.995,3.125,32.07,No,Motor Imagery,29.53,Focused
2654,32,3,412111,1.98,1.852,2.905,8.079,0.337,30.82,No,Resting,72.09,Fatigued
2655,28,10,217984,2.787,4.509,6.65,2.176,2.851,16.96,No,Visual Stimulus,62.4,Focused
2656,13,1,524658,0.608,4.613,0.571,7.356,3.297,39.98,Yes,Motor Imagery,79.96,Fatigued
2657,31,6,376356,1.909,2.686,0.527,6.371,2.677,34.7,No,Resting,64.36,Distracted
2658,14,2,550901,4.189,1.657,6.198,1.37,0.15,14.1,No,Motor Imagery,16.7,Distracted
2659,20,1,3196,2.993,3.367,6.211,1.575,0.803,11.83,No,Motor Imagery,67.03,Fatigued
2660,18,2,501072,2.528,5.568,6.417,1.53,1.434,15.99,Yes,Resting,39.15,Fatigued
2661,29,6,512191,1.785,4.018,7.475,7.381,1.011,20.83,No,Motor Imagery,46.31,Distracted
2662,6,4,226009,1.841,1.451,1.384,1.846,3.854,34.78,No,Visual Stimulus,92.16,Focused
2663,32,6,435132,2.224,4.255,2.24,4.943,2.641,32.24,No,Cognitive Load,36.0,Distracted
2664,29,9,532860,4.26,2.85,7.278,3.891,1.258,34.79,No,Cognitive Load,61.2,Focused
2665,43,10,506528,4.852,3.753,1.829,5.73,3.726,14.52,No,Motor Imagery,36.35,Fatigued
2666,2,10,421441,2.474,4.537,5.617,7.212,2.988,25.77,No,Cognitive Load,9.47,Focused
2667,23,8,570141,2.27,3.332,4.478,7.005,1.21,14.91,No,Cognitive Load,45.35,Fatigued
2668,19,1,116074,4.309,4.977,1.124,5.397,1.578,8.82,No,Cognitive Load,59.71,Focused
2669,31,8,453112,2.421,4.472,2.639,4.911,0.878,28.95,No,Visual Stimulus,40.75,Fatigued
2670,5,9,567497,2.984,3.883,4.403,4.279,3.887,10.0,Yes,Visual Stimulus,39.07,Relaxed
2671,19,6,490391,1.539,1.329,6.893,8.688,2.117,28.37,No,Cognitive Load,82.04,Relaxed
2672,34,10,411267,3.846,5.098,5.807,3.643,3.595,27.68,No,Resting,2.97,Distracted
2673,10,5,253516,2.894,5.647,5.164,2.964,1.451,33.36,Yes,Resting,29.56,Distracted
2674,25,6,453372,4.141,1.253,4.22,7.561,3.457,9.88,No,Resting,81.18,Fatigued
2675,2,6,376826,4.013,3.185,2.74,3.918,0.31,32.42,No,Visual Stimulus,92.05,Focused
2676,11,9,57175,1.468,1.924,1.394,8.546,3.93,39.97,No,Visual Stimulus,41.23,Fatigued
2677,50,4,101551,3.72,4.65,3.568,3.615,3.657,34.79,No,Visual Stimulus,88.88,Relaxed
2678,31,2,392761,4.1,4.469,0.714,7.168,1.516,31.31,Yes,Visual Stimulus,19.89,Relaxed
2679,15,9,510491,2.057,1.275,2.083,0.929,3.121,28.18,No,Cognitive Load,22.14,Fatigued
2680,9,2,581154,1.277,5.324,3.744,4.163,3.034,19.76,No,Visual Stimulus,84.62,Relaxed
2681,23,10,117752,0.512,1.495,3.64,3.761,3.615,30.57,Yes,Cognitive Load,90.33,Distracted
2682,19,9,253564,2.529,4.885,0.832,8.258,1.298,30.35,No,Resting,22.28,Fatigued
2683,9,2,293257,2.086,3.013,4.918,9.687,1.916,27.1,No,Cognitive Load,5.93,Distracted
2684,35,8,539689,2.997,2.305,4.623,4.878,3.473,32.87,Yes,Resting,9.03,Distracted
2685,21,9,215432,1.346,1.37,1.086,8.336,3.136,20.71,No,Visual Stimulus,26.14,Distracted
2686,9,10,430779,4.368,1.422,7.574,7.147,1.635,9.24,No,Resting,76.14,Relaxed
2687,28,9,165486,1.66,4.14,1.245,9.69,3.398,24.57,Yes,Resting,51.0,Focused
2688,46,10,333636,1.519,3.527,6.911,8.206,0.283,14.28,No,Cognitive Load,45.56,Focused
2689,7,9,210536,2.663,1.171,0.502,1.236,3.15,18.46,No,Resting,58.41,Focused
2690,16,2,76693,2.745,1.12,7.117,7.276,0.906,5.61,Yes,Motor Imagery,89.02,Distracted
2691,16,4,35135,1.468,0.898,0.648,5.587,1.216,18.4,No,Resting,9.04,Fatigued
2692,33,7,465448,1.723,4.591,6.184,0.656,2.024,33.31,Yes,Visual Stimulus,69.47,Distracted
2693,4,2,136262,1.264,4.415,3.213,2.887,1.854,24.0,Yes,Resting,92.68,Distracted
2694,4,1,594487,3.733,0.821,6.037,9.257,2.13,5.34,Yes,Motor Imagery,21.34,Fatigued
2695,39,3,4331,3.965,3.581,3.513,9.298,2.225,21.44,No,Cognitive Load,83.78,Focused
2696,40,4,517400,2.58,0.966,1.032,8.089,1.393,15.2,No,Resting,69.8,Focused
2697,17,8,183258,3.713,5.471,6.256,9.827,0.783,21.71,No,Motor Imagery,1.45,Focused
2698,37,6,290693,3.812,5.489,1.034,8.162,3.097,19.16,No,Visual Stimulus,23.16,Distracted
2699,39,2,212854,1.122,4.34,7.416,0.597,1.66,37.62,No,Visual Stimulus,60.58,Distracted
2700,29,9,550049,4.848,5.594,0.882,3.234,2.073,6.44,Yes,Cognitive Load,50.24,Relaxed
2701,36,2,504840,4.195,4.963,4.095,0.791,2.614,28.93,No,Visual Stimulus,52.79,Focused
2702,38,5,184544,1.42,5.057,5.923,1.394,3.648,34.79,Yes,Motor Imagery,23.19,Distracted
2703,39,4,350002,1.338,3.633,3.449,2.579,2.859,38.57,Yes,Resting,67.5,Relaxed
2704,50,7,84667,1.065,2.183,2.129,5.284,0.277,11.22,No,Motor Imagery,26.64,Distracted
2705,37,8,4677,1.123,1.698,6.193,8.552,3.37,23.6,Yes,Cognitive Load,38.94,Distracted
2706,35,5,204580,3.867,2.3,6.382,8.689,3.958,6.53,No,Resting,36.89,Focused
2707,7,10,130334,2.613,3.957,7.42,6.354,1.943,22.47,No,Motor Imagery,67.2,Fatigued
2708,27,5,474081,4.023,1.45,3.321,9.318,3.881,9.39,Yes,Cognitive Load,9.03,Distracted
2709,28,2,495784,3.858,1.923,4.297,5.251,2.235,34.33,No,Cognitive Load,20.55,Distracted
2710,22,8,363581,3.221,3.074,3.223,8.946,1.893,8.99,No,Resting,20.05,Distracted
2711,14,2,411811,3.589,1.782,2.428,4.814,1.392,22.97,No,Resting,10.84,Focused
2712,7,10,480675,0.583,3.738,6.133,3.134,2.664,23.24,No,Visual Stimulus,20.76,Distracted
2713,37,6,584436,1.903,5.577,3.047,9.206,0.996,39.01,No,Visual Stimulus,60.71,Relaxed
2714,22,8,599559,3.37,4.614,3.711,4.185,0.509,27.92,Yes,Resting,73.22,Focused
2715,5,6,558745,0.542,4.165,3.528,5.282,0.206,15.07,No,Visual Stimulus,66.03,Relaxed
2716,2,4,566819,0.648,3.705,5.845,3.624,1.24,13.43,No,Resting,47.52,Focused
2717,27,4,204335,4.333,3.184,7.383,6.797,1.644,9.49,No,Visual Stimulus,5.24,Distracted
2718,21,6,466516,3.578,1.526,5.501,9.953,2.253,31.48,No,Motor Imagery,95.9,Distracted
2719,38,4,194243,1.694,5.421,4.037,0.742,1.242,29.18,Yes,Cognitive Load,16.81,Relaxed
2720,15,8,512445,3.596,1.867,6.344,9.049,3.938,26.35,No,Resting,66.84,Relaxed
2721,21,9,257231,4.066,1.002,5.307,0.537,1.238,6.43,Yes,Resting,91.29,Focused
2722,10,1,570059,1.881,4.625,0.955,3.96,1.82,31.7,No,Resting,69.78,Focused
2723,23,4,590642,0.662,1.466,1.217,2.102,0.503,27.47,No,Motor Imagery,21.8,Fatigued
2724,39,4,558180,4.698,2.545,0.784,7.695,1.116,38.74,No,Cognitive Load,31.58,Fatigued
2725,5,2,202268,2.053,0.656,3.926,0.981,0.288,25.55,Yes,Visual Stimulus,3.02,Fatigued
2726,1,6,95057,0.979,1.254,6.694,5.758,2.282,15.64,Yes,Visual Stimulus,61.28,Distracted
2727,13,3,38409,2.713,1.453,2.848,3.302,3.029,18.35,No,Cognitive Load,61.3,Relaxed
2728,21,7,246889,3.958,0.799,3.381,1.77,0.863,11.15,No,Visual Stimulus,72.55,Relaxed
2729,26,5,427686,1.497,4.112,7.321,7.832,1.535,30.3,Yes,Resting,1.1,Fatigued
2730,50,4,149457,1.713,5.104,6.777,2.565,0.165,29.77,Yes,Cognitive Load,81.78,Fatigued
2731,45,5,416512,1.592,2.553,5.488,2.625,3.374,12.02,No,Motor Imagery,73.87,Focused
2732,21,8,323860,4.963,5.31,2.501,3.113,3.142,10.55,Yes,Cognitive Load,14.09,Fatigued
2733,18,3,26382,1.388,1.673,1.378,6.074,0.347,7.7,No,Resting,34.76,Relaxed
2734,37,7,76675,3.09,2.29,0.62,6.767,1.523,36.92,No,Cognitive Load,63.85,Focused
2735,45,6,546707,4.664,1.329,1.303,0.667,3.826,13.16,No,Motor Imagery,49.58,Fatigued
2736,32,1,81238,1.161,3.913,2.694,2.798,1.629,17.05,No,Motor Imagery,11.51,Distracted
2737,36,7,225825,4.869,2.809,4.638,4.594,2.152,14.82,No,Cognitive Load,8.73,Fatigued
2738,17,7,274541,4.764,3.873,0.98,3.654,1.485,19.48,No,Cognitive Load,78.15,Distracted
2739,35,1,320032,4.481,4.689,1.522,8.9,2.425,29.99,No,Visual Stimulus,15.6,Fatigued
2740,49,9,35169,1.466,3.501,1.858,7.983,3.915,35.47,No,Visual Stimulus,17.21,Focused
2741,11,6,586470,3.353,3.952,5.24,6.446,3.99,11.39,No,Resting,83.09,Distracted
2742,21,2,159413,3.924,5.644,5.118,3.711,3.121,29.02,No,Visual Stimulus,61.21,Distracted
2743,26,5,177216,4.937,2.145,4.631,7.156,1.677,17.34,Yes,Resting,60.47,Focused
2744,4,4,454988,1.312,2.475,2.379,8.515,2.028,39.32,Yes,Resting,47.93,Distracted
2745,34,7,79360,3.947,4.447,3.283,6.151,1.491,15.46,No,Cognitive Load,56.9,Focused
2746,48,8,537732,2.025,3.862,1.225,7.952,3.944,5.25,No,Visual Stimulus,60.18,Fatigued
2747,18,1,438863,1.29,1.482,2.198,7.616,2.86,23.05,No,Motor Imagery,96.78,Focused
2748,40,5,123662,2.396,2.569,7.233,5.932,1.851,10.28,No,Motor Imagery,22.3,Focused
2749,35,3,98843,4.072,3.073,7.848,3.466,0.147,6.56,No,Cognitive Load,21.46,Focused
2750,41,1,431599,2.592,2.807,5.357,7.585,2.13,29.44,No,Motor Imagery,5.72,Focused
2751,29,3,474768,2.919,1.481,7.376,2.465,3.937,30.63,Yes,Motor Imagery,65.82,Relaxed
2752,29,6,225121,4.978,5.584,5.321,7.905,2.14,21.12,No,Cognitive Load,54.9,Distracted
2753,38,7,55612,2.296,4.693,0.749,8.143,0.811,28.69,No,Motor Imagery,11.12,Fatigued
2754,42,8,298303,3.269,3.147,7.976,8.31,0.186,23.84,Yes,Cognitive Load,36.45,Focused
2755,21,4,563998,2.144,4.24,1.242,4.993,1.483,27.04,No,Resting,17.87,Relaxed
2756,42,3,209417,2.268,5.435,5.62,2.329,3.681,25.88,No,Visual Stimulus,33.15,Relaxed
2757,13,5,211463,3.63,1.249,2.396,1.447,3.987,28.3,No,Motor Imagery,95.13,Fatigued
2758,49,9,268602,4.72,1.877,3.44,7.562,3.787,11.99,No,Cognitive Load,68.33,Distracted
2759,41,6,297668,2.941,3.485,5.345,8.919,2.945,14.4,No,Motor Imagery,0.76,Fatigued
2760,17,9,302621,3.958,4.895,3.774,6.683,2.277,20.4,No,Visual Stimulus,25.25,Focused
2761,9,6,294366,0.901,0.699,2.379,1.87,2.404,20.61,Yes,Motor Imagery,1.04,Distracted
2762,41,2,542608,1.45,5.912,3.008,9.382,2.202,32.1,No,Resting,71.49,Distracted
2763,1,5,94154,2.76,3.002,3.062,9.896,2.857,17.86,No,Cognitive Load,46.94,Fatigued
2764,2,9,576531,0.59,2.476,7.695,4.617,1.734,10.69,No,Visual Stimulus,99.4,Fatigued
2765,48,8,410568,1.638,2.11,6.49,6.151,2.71,13.8,No,Resting,73.36,Distracted
2766,29,7,597121,2.828,1.459,3.939,7.884,0.574,12.52,No,Motor Imagery,51.79,Fatigued
2767,33,1,93476,0.567,4.854,1.999,7.496,1.136,30.61,Yes,Motor Imagery,80.47,Distracted
2768,10,4,114560,1.69,5.755,6.583,9.694,3.36,21.46,Yes,Motor Imagery,70.48,Fatigued
2769,50,7,301411,2.813,2.775,1.679,1.591,3.625,29.8,No,Visual Stimulus,24.38,Distracted
2770,40,7,562229,3.079,5.738,2.078,6.017,2.202,19.57,No,Cognitive Load,53.03,Focused
2771,21,6,549656,4.666,5.031,3.245,7.073,0.223,36.14,No,Visual Stimulus,55.6,Relaxed
2772,28,8,293128,3.404,3.146,7.103,8.956,3.715,39.42,No,Resting,45.12,Fatigued
2773,11,6,435157,2.366,4.207,1.488,8.804,2.838,28.44,No,Cognitive Load,17.92,Distracted
2774,34,10,203990,4.687,2.892,1.417,9.791,1.715,35.23,No,Visual Stimulus,22.34,Relaxed
2775,8,3,445899,4.032,3.573,4.205,5.365,2.434,22.78,Yes,Motor Imagery,28.1,Relaxed
2776,22,4,257481,1.4,0.819,2.573,8.392,1.776,37.71,No,Resting,1.03,Relaxed
2777,8,3,801,1.089,4.329,4.765,4.559,1.915,34.11,Yes,Motor Imagery,91.69,Fatigued
2778,49,1,298113,3.541,0.791,3.887,4.512,3.559,39.71,No,Visual Stimulus,68.61,Fatigued
2779,15,10,475485,3.019,4.994,3.762,2.907,0.728,26.81,No,Resting,68.96,Focused
2780,17,5,91679,4.054,5.037,1.34,8.273,0.504,32.27,No,Cognitive Load,57.23,Fatigued
2781,23,1,290507,3.825,1.804,1.558,9.865,0.111,24.0,No,Cognitive Load,68.93,Fatigued
2782,24,1,161792,3.313,2.28,6.658,2.935,1.325,14.07,Yes,Visual Stimulus,98.19,Fatigued
2783,45,2,557639,4.939,3.147,7.144,1.033,0.675,17.42,No,Visual Stimulus,38.52,Relaxed
2784,19,4,219188,2.901,3.782,2.26,8.248,0.958,36.29,Yes,Cognitive Load,71.25,Focused
2785,5,6,276999,1.009,2.08,1.351,6.392,0.144,6.96,No,Cognitive Load,35.95,Relaxed
2786,32,8,429385,4.227,3.759,0.901,9.617,0.986,25.7,No,Visual Stimulus,85.43,Focused
2787,44,3,261677,1.633,2.138,5.062,2.896,1.398,18.04,No,Cognitive Load,85.8,Fatigued
2788,1,1,177476,3.998,0.805,5.865,1.175,0.223,18.53,No,Resting,90.23,Distracted
2789,23,3,150641,4.807,0.514,3.296,5.178,2.471,35.96,No,Visual Stimulus,0.55,Fatigued
2790,37,3,578725,3.636,1.056,5.598,1.312,2.318,34.88,No,Resting,29.82,Relaxed
2791,8,5,156810,3.182,4.857,5.847,2.987,0.478,25.96,No,Motor Imagery,13.39,Relaxed
2792,13,4,90410,2.572,5.788,7.515,1.697,2.421,14.55,Yes,Resting,45.4,Relaxed
2793,8,4,19731,2.14,2.848,0.987,2.629,3.995,21.64,No,Visual Stimulus,49.54,Focused
2794,23,9,185169,2.089,3.32,1.942,1.508,3.783,19.29,No,Motor Imagery,25.59,Relaxed
2795,43,7,265033,3.364,1.308,1.014,9.562,0.11,17.38,No,Cognitive Load,72.34,Distracted
2796,1,4,533857,3.881,3.531,7.01,3.146,3.202,8.6,No,Resting,26.98,Distracted
2797,45,3,206749,3.553,1.296,6.444,4.717,1.479,24.01,Yes,Resting,85.39,Fatigued
2798,24,6,85192,1.393,3.862,4.81,9.037,0.348,15.56,No,Visual Stimulus,17.77,Focused
2799,35,3,87154,2.723,5.633,1.127,6.935,1.254,28.13,No,Cognitive Load,36.72,Focused
2800,24,6,208542,4.062,1.576,2.55,6.371,1.355,16.17,No,Visual Stimulus,62.22,Fatigued
2801,17,9,108073,2.641,4.705,2.733,7.203,2.141,20.09,No,Cognitive Load,60.53,Relaxed
2802,5,6,219894,2.915,0.629,4.706,8.374,2.678,6.83,No,Visual Stimulus,7.8,Relaxed
2803,20,4,519235,3.97,2.565,2.435,8.838,3.021,39.74,Yes,Cognitive Load,84.63,Fatigued
2804,21,5,575932,3.476,1.109,1.047,6.605,1.059,22.77,Yes,Motor Imagery,59.81,Fatigued
2805,40,6,556357,2.342,2.439,5.981,8.955,1.355,5.85,Yes,Visual Stimulus,86.99,Fatigued
2806,31,3,420547,4.529,1.454,2.743,5.586,1.303,23.94,No,Motor Imagery,86.76,Fatigued
2807,46,8,145006,1.232,2.553,3.893,3.134,1.515,35.46,No,Visual Stimulus,54.59,Focused
2808,36,4,403311,4.98,2.796,1.457,8.861,3.999,32.04,No,Visual Stimulus,91.08,Focused
2809,11,8,484710,1.035,2.153,6.519,5.644,3.134,29.53,No,Visual Stimulus,84.84,Relaxed
2810,15,10,542994,0.567,4.111,4.741,9.108,3.902,9.88,No,Resting,95.81,Focused
2811,19,10,174588,4.505,5.554,7.262,0.882,2.803,28.02,Yes,Visual Stimulus,85.05,Focused
2812,7,3,490224,1.602,2.703,4.216,4.276,1.684,31.82,No,Cognitive Load,82.12,Focused
2813,28,10,296773,3.784,1.558,7.561,9.504,1.62,25.03,No,Resting,46.94,Fatigued
2814,43,7,440126,4.15,1.989,7.189,2.872,2.005,36.25,Yes,Cognitive Load,21.2,Focused
2815,5,9,481756,4.365,5.197,4.823,9.445,1.726,14.69,No,Cognitive Load,91.07,Relaxed
2816,5,4,124746,4.962,3.644,7.504,9.562,3.33,13.48,No,Cognitive Load,72.25,Focused
2817,30,8,544719,1.823,3.003,2.923,8.88,1.914,35.43,No,Cognitive Load,28.17,Fatigued
2818,32,3,187805,3.696,1.323,3.242,5.855,1.253,26.89,No,Cognitive Load,34.1,Focused
2819,8,7,564376,1.019,2.974,0.841,6.646,3.122,5.05,Yes,Motor Imagery,68.61,Distracted
2820,10,3,431231,2.331,2.032,4.919,8.761,3.432,17.36,No,Resting,47.78,Relaxed
2821,38,7,555673,4.316,5.687,5.914,7.871,1.74,35.02,Yes,Cognitive Load,8.15,Focused
2822,47,10,332343,2.154,5.362,6.301,6.486,2.704,5.96,Yes,Motor Imagery,14.14,Relaxed
2823,32,10,300821,3.16,0.961,1.624,9.831,0.329,5.11,No,Motor Imagery,74.56,Fatigued
2824,48,6,118104,2.767,3.342,3.831,7.014,2.165,14.84,No,Cognitive Load,32.86,Relaxed
2825,28,2,12818,3.407,1.738,1.826,9.767,0.275,36.99,No,Visual Stimulus,50.76,Distracted
2826,17,3,481438,4.878,2.759,5.466,1.045,0.214,36.55,No,Cognitive Load,76.66,Distracted
2827,31,6,325145,0.751,5.323,1.685,1.82,2.49,23.16,No,Motor Imagery,75.12,Relaxed
2828,8,4,155049,3.083,3.401,7.281,4.789,1.283,24.36,No,Cognitive Load,16.7,Fatigued
2829,40,6,574120,4.384,2.338,2.23,4.156,2.996,16.62,No,Motor Imagery,9.84,Relaxed
2830,25,1,209966,2.666,1.643,2.686,7.936,3.595,13.53,No,Cognitive Load,59.12,Focused
2831,9,10,72204,0.853,4.902,6.882,2.026,0.644,33.53,No,Motor Imagery,74.16,Focused
2832,2,1,45784,3.022,3.935,3.939,9.773,2.926,8.72,No,Cognitive Load,14.9,Relaxed
2833,15,3,9921,1.994,3.074,0.68,3.493,2.107,22.06,No,Visual Stimulus,37.2,Focused
2834,50,8,255564,1.197,1.696,4.209,4.575,0.537,27.2,Yes,Visual Stimulus,87.03,Focused
2835,3,8,74408,4.321,2.338,1.134,3.11,2.641,8.63,Yes,Motor Imagery,94.42,Fatigued
2836,49,4,550996,2.847,5.779,7.89,6.004,2.477,23.19,No,Visual Stimulus,45.41,Relaxed
2837,36,6,543135,4.7,3.36,4.911,1.057,2.111,25.21,No,Visual Stimulus,7.95,Focused
2838,4,8,580277,4.127,2.704,2.424,1.922,3.713,30.99,No,Resting,25.77,Relaxed
2839,14,7,4922,3.618,3.368,4.728,7.585,2.132,13.22,No,Cognitive Load,23.3,Relaxed
2840,41,7,463144,0.523,4.784,1.077,2.272,3.963,15.27,Yes,Cognitive Load,23.9,Focused
2841,41,4,52335,2.425,2.371,6.499,2.737,2.086,24.93,No,Visual Stimulus,49.39,Fatigued
2842,25,9,150453,1.389,1.483,7.44,8.033,0.552,39.41,No,Visual Stimulus,58.32,Fatigued
2843,50,10,317817,4.599,3.717,7.058,1.386,1.935,12.61,No,Motor Imagery,12.25,Distracted
2844,10,6,22948,1.286,4.159,3.063,4.656,0.811,39.51,No,Cognitive Load,88.94,Relaxed
2845,21,3,59072,1.787,4.42,2.943,0.719,2.429,30.0,Yes,Resting,62.0,Distracted
2846,36,5,329704,2.826,5.351,0.763,3.795,2.803,33.91,No,Resting,59.73,Fatigued
2847,12,5,66691,1.685,2.541,5.386,7.14,1.927,8.14,No,Visual Stimulus,98.73,Focused
2848,27,5,346249,1.444,0.914,4.512,1.356,0.481,15.51,No,Motor Imagery,62.81,Focused
2849,40,8,7086,3.196,5.771,3.945,8.939,1.928,7.02,No,Motor Imagery,92.9,Fatigued
2850,2,9,389962,0.9,2.893,7.307,9.14,0.418,18.0,No,Cognitive Load,28.63,Fatigued
2851,13,9,592141,0.762,3.928,1.759,1.497,2.76,39.35,No,Visual Stimulus,24.01,Relaxed
2852,32,6,364069,2.175,4.165,0.572,9.912,3.182,8.68,No,Visual Stimulus,51.65,Distracted
2853,31,6,332171,3.743,3.506,1.05,3.327,3.853,24.68,Yes,Motor Imagery,50.86,Distracted
2854,16,9,278060,2.997,1.629,2.175,1.299,0.68,5.21,No,Resting,22.65,Fatigued
2855,32,4,572668,2.403,4.653,0.75,0.548,2.176,29.94,No,Resting,69.97,Relaxed
2856,32,6,538562,3.046,4.921,4.271,4.381,2.313,11.9,No,Cognitive Load,2.96,Focused
2857,34,4,316689,2.145,3.541,2.856,6.483,3.698,9.54,No,Visual Stimulus,69.06,Fatigued
2858,11,1,96494,4.713,3.187,1.854,3.656,2.546,16.8,No,Visual Stimulus,45.72,Distracted
2859,10,7,115981,0.747,1.127,6.126,8.449,0.667,31.99,No,Resting,68.9,Relaxed
2860,15,10,166305,3.53,0.962,2.033,7.308,1.802,8.73,No,Visual Stimulus,47.71,Relaxed
2861,17,6,16304,4.511,2.368,5.657,3.827,2.654,13.04,Yes,Visual Stimulus,97.73,Relaxed
2862,40,9,273438,4.117,2.21,3.119,7.476,2.831,5.3,No,Motor Imagery,33.47,Distracted
2863,18,7,288569,1.328,5.745,4.339,9.435,3.466,38.89,Yes,Cognitive Load,98.26,Relaxed
2864,9,7,110777,1.832,4.81,7.504,1.384,0.804,25.73,No,Cognitive Load,6.5,Focused
2865,25,2,402641,3.727,4.13,0.78,3.408,3.811,30.2,No,Cognitive Load,68.38,Distracted
2866,40,9,466962,0.879,3.347,4.252,4.902,0.331,27.8,No,Motor Imagery,45.42,Fatigued
2867,14,10,254174,4.153,1.421,6.908,5.231,3.937,10.05,Yes,Cognitive Load,82.21,Relaxed
2868,25,9,253890,3.735,5.882,4.91,5.651,3.445,25.82,No,Cognitive Load,78.96,Distracted
2869,50,6,574699,3.783,2.563,2.577,3.356,2.675,9.6,No,Resting,80.02,Fatigued
2870,22,3,434174,0.951,1.088,3.483,6.839,2.966,19.04,Yes,Resting,9.47,Fatigued
2871,30,1,258901,3.73,3.216,5.602,6.628,0.383,24.91,No,Cognitive Load,82.24,Focused
2872,20,4,95696,3.559,5.307,7.181,5.989,0.262,24.56,No,Motor Imagery,21.4,Fatigued
2873,21,3,595597,4.239,5.38,0.808,1.581,0.497,9.17,No,Motor Imagery,2.57,Focused
2874,44,1,67421,0.687,0.56,1.037,5.031,0.441,6.21,No,Motor Imagery,21.77,Distracted
2875,32,3,236436,0.604,5.375,2.938,3.884,2.235,32.94,No,Visual Stimulus,47.93,Focused
2876,46,4,475083,2.179,1.993,2.246,5.165,0.94,30.41,No,Visual Stimulus,74.21,Distracted
2877,49,8,302756,1.17,0.714,2.487,9.258,3.455,7.86,Yes,Motor Imagery,21.86,Distracted
2878,21,9,481247,3.013,5.163,2.16,5.065,1.838,9.46,No,Resting,11.3,Relaxed
2879,35,3,537738,4.628,5.251,1.969,0.633,2.812,36.24,Yes,Visual Stimulus,64.6,Focused
2880,32,6,9491,2.262,3.779,1.48,4.669,2.646,31.92,Yes,Motor Imagery,98.39,Distracted
2881,30,10,117026,4.302,3.659,7.505,8.296,1.347,39.87,Yes,Visual Stimulus,60.09,Relaxed
2882,39,5,74804,0.501,4.972,1.581,7.911,1.048,13.89,No,Visual Stimulus,69.11,Focused
2883,49,6,511662,1.258,4.825,2.033,5.377,1.436,22.07,No,Visual Stimulus,56.12,Focused
2884,12,4,487335,0.637,5.396,2.347,2.873,3.207,13.28,No,Visual Stimulus,78.23,Fatigued
2885,41,10,349230,1.977,3.54,7.498,4.918,2.386,26.8,No,Motor Imagery,97.58,Relaxed
2886,47,6,363435,4.587,5.822,6.168,5.855,1.089,9.04,No,Visual Stimulus,54.41,Fatigued
2887,18,7,242223,0.936,5.979,6.423,9.999,3.29,9.45,No,Cognitive Load,41.68,Distracted
2888,21,9,534255,3.229,1.141,1.286,6.62,0.314,7.52,No,Motor Imagery,86.03,Focused
2889,13,10,212826,2.532,5.172,6.772,7.096,2.827,29.28,No,Motor Imagery,96.97,Distracted
2890,21,7,305364,4.723,3.249,3.561,5.169,1.812,22.29,No,Motor Imagery,12.92,Relaxed
2891,8,6,318275,1.051,2.632,2.471,3.868,2.952,26.62,No,Visual Stimulus,57.82,Focused
2892,46,1,481930,1.454,3.872,4.818,8.223,3.717,35.78,No,Motor Imagery,79.25,Distracted
2893,40,2,28876,0.633,0.808,6.666,5.202,3.025,30.91,No,Resting,53.33,Focused
2894,46,1,229192,2.453,3.286,6.34,9.95,1.824,21.16,Yes,Cognitive Load,40.92,Fatigued
2895,7,9,311372,1.75,5.29,7.175,4.843,0.689,39.45,No,Resting,65.52,Relaxed
2896,23,10,254767,4.415,1.674,7.461,1.146,3.245,20.97,No,Cognitive Load,27.01,Relaxed
2897,44,10,252313,3.222,2.845,2.286,6.984,1.897,8.94,No,Cognitive Load,34.91,Relaxed
2898,32,9,28261,3.263,5.667,3.679,0.943,0.394,39.74,No,Visual Stimulus,99.23,Focused
2899,11,7,106601,2.894,2.857,0.61,2.88,2.904,5.8,No,Cognitive Load,63.65,Distracted
2900,22,2,61260,0.913,2.471,7.095,3.861,1.238,24.25,No,Cognitive Load,87.29,Distracted
2901,22,6,498214,2.503,2.923,1.659,7.525,0.291,15.82,No,Resting,80.78,Relaxed
2902,43,4,474587,4.998,3.357,6.961,5.195,3.621,22.62,No,Cognitive Load,65.23,Focused
2903,25,1,396562,4.259,3.976,2.97,0.772,1.984,24.55,No,Motor Imagery,84.07,Focused
2904,22,1,489170,4.521,4.904,3.261,6.36,1.196,13.4,No,Motor Imagery,28.72,Focused
2905,28,5,580464,4.205,2.987,0.793,4.409,2.894,24.49,No,Cognitive Load,63.71,Distracted
2906,29,2,314444,0.964,4.996,2.952,9.257,3.555,31.46,Yes,Motor Imagery,59.06,Relaxed
2907,13,4,142412,1.524,3.435,7.163,5.246,0.101,14.33,No,Visual Stimulus,62.24,Distracted
2908,18,1,517561,0.514,2.362,0.692,7.235,2.783,18.42,No,Motor Imagery,16.86,Fatigued
2909,2,4,468349,1.866,4.119,3.547,2.579,3.091,14.39,No,Visual Stimulus,27.72,Focused
2910,29,6,368781,0.989,4.447,0.735,7.729,0.919,33.72,No,Cognitive Load,28.67,Fatigued
2911,21,10,316783,2.628,3.569,3.282,7.349,2.01,30.37,No,Visual Stimulus,60.19,Relaxed
2912,15,4,384083,3.547,0.811,1.795,9.089,0.448,35.49,Yes,Visual Stimulus,97.25,Relaxed
2913,27,1,531598,4.435,1.434,2.392,0.821,3.012,10.95,No,Cognitive Load,95.41,Distracted
2914,50,7,365088,3.871,2.069,7.082,4.751,3.405,7.58,No,Cognitive Load,22.72,Relaxed
2915,31,2,478096,4.724,2.054,3.77,6.952,0.522,9.18,Yes,Visual Stimulus,30.48,Relaxed
2916,15,9,122013,0.743,4.204,2.553,1.404,3.284,10.64,No,Resting,3.61,Distracted
2917,23,3,181693,0.555,0.601,4.92,4.401,3.109,23.66,No,Cognitive Load,39.88,Distracted
2918,24,8,438895,3.476,4.656,1.566,9.45,1.453,38.98,No,Cognitive Load,83.47,Distracted
2919,44,8,172687,1.802,1.959,2.445,4.641,2.792,17.5,Yes,Resting,91.58,Distracted
2920,13,3,178625,1.641,2.205,4.597,9.861,0.1,38.55,No,Motor Imagery,23.65,Relaxed
2921,22,4,109264,1.989,3.404,2.281,1.04,3.734,6.34,No,Resting,26.58,Fatigued
2922,43,2,384755,1.714,1.688,5.593,7.319,2.246,37.44,No,Motor Imagery,22.08,Distracted
2923,37,4,70658,2.801,5.365,4.186,6.02,2.519,11.34,No,Resting,35.01,Relaxed
2924,33,9,534140,2.481,0.97,6.29,5.255,2.692,36.94,Yes,Visual Stimulus,80.48,Relaxed
2925,3,2,267531,2.806,2.944,7.612,9.723,2.289,6.97,No,Cognitive Load,64.69,Relaxed
2926,19,3,389715,3.527,5.172,1.369,1.732,3.441,38.19,No,Resting,78.59,Relaxed
2927,23,4,302138,2.242,3.887,3.01,9.012,2.478,12.03,No,Cognitive Load,58.3,Relaxed
2928,29,5,234484,1.631,2.108,2.897,7.067,3.64,15.59,No,Motor Imagery,25.77,Distracted
2929,30,1,379056,1.248,2.814,1.634,2.96,2.371,22.18,No,Visual Stimulus,22.8,Distracted
2930,39,7,426941,2.073,4.387,6.577,9.066,0.767,18.33,No,Cognitive Load,0.9,Focused
2931,44,10,386354,3.838,5.853,6.199,4.578,3.663,28.36,No,Resting,78.1,Focused
2932,47,7,263456,3.905,5.412,4.133,8.235,2.758,39.12,No,Resting,84.71,Distracted
2933,25,9,388026,3.501,2.383,4.533,4.194,2.827,26.22,No,Visual Stimulus,76.83,Distracted
2934,37,4,87566,1.553,5.99,0.947,8.584,3.943,30.25,No,Motor Imagery,7.44,Distracted
2935,47,6,283473,3.146,0.519,4.666,6.548,0.393,8.08,No,Visual Stimulus,76.22,Fatigued
2936,8,2,234750,3.068,0.652,6.435,1.84,1.772,26.97,No,Visual Stimulus,4.58,Distracted
2937,42,4,599830,2.679,5.031,4.804,6.672,1.032,20.88,Yes,Cognitive Load,10.56,Relaxed
2938,16,2,108237,2.975,1.597,2.49,2.318,2.559,36.0,Yes,Motor Imagery,44.05,Fatigued
2939,8,10,519904,2.713,0.834,5.507,4.413,3.247,18.59,No,Visual Stimulus,47.61,Fatigued
2940,1,5,376620,3.045,1.804,3.211,2.118,3.869,28.78,Yes,Cognitive Load,81.61,Relaxed
2941,44,7,297789,3.72,2.844,4.587,0.709,1.873,12.99,No,Cognitive Load,67.95,Relaxed
2942,5,1,87502,0.993,4.518,4.157,2.513,3.166,14.08,No,Motor Imagery,15.33,Focused
2943,3,10,486598,3.873,3.934,3.359,5.596,3.677,18.16,No,Motor Imagery,22.61,Relaxed
2944,1,10,349454,1.111,1.807,5.892,5.075,2.765,15.64,No,Cognitive Load,28.57,Distracted
2945,4,7,533037,0.8,3.268,7.129,5.264,1.047,13.89,No,Motor Imagery,12.37,Distracted
2946,40,10,584933,4.892,5.594,0.539,2.853,2.471,6.74,No,Cognitive Load,28.76,Focused
2947,35,6,213933,4.806,4.983,7.502,7.009,3.883,34.29,No,Motor Imagery,72.86,Fatigued
2948,32,6,53175,0.772,2.278,4.336,7.191,3.951,7.25,No,Motor Imagery,24.14,Fatigued
2949,42,8,148395,2.495,5.902,5.755,3.901,2.605,36.06,No,Motor Imagery,83.54,Focused
2950,34,8,50762,1.338,4.397,6.917,8.871,3.559,9.39,No,Resting,46.95,Distracted
2951,43,6,588510,2.684,0.843,4.003,6.618,0.881,7.28,No,Motor Imagery,32.29,Focused
2952,25,3,427709,4.236,0.693,6.762,7.274,1.06,24.71,No,Resting,41.24,Distracted
2953,10,5,189400,4.778,1.426,1.832,3.135,3.816,22.59,No,Cognitive Load,70.95,Distracted
2954,21,2,255539,3.354,4.503,1.694,0.506,0.627,22.19,No,Visual Stimulus,51.68,Relaxed
2955,46,5,12213,2.093,1.511,5.431,8.721,0.845,25.11,No,Visual Stimulus,0.73,Focused
2956,39,9,158785,3.215,3.313,7.026,8.313,1.74,15.05,No,Visual Stimulus,92.23,Focused
2957,27,10,32583,1.904,1.013,7.193,1.67,2.399,28.2,No,Cognitive Load,6.6,Distracted
2958,27,1,79944,4.594,5.565,5.328,4.054,2.455,22.58,No,Motor Imagery,93.86,Distracted
2959,2,10,22369,4.417,2.392,4.441,6.783,1.239,16.72,Yes,Resting,2.82,Relaxed
2960,41,5,19510,3.012,5.495,2.985,6.695,3.69,33.93,No,Cognitive Load,77.1,Distracted
2961,48,6,12120,1.962,5.697,7.85,8.673,3.669,30.47,No,Visual Stimulus,53.47,Distracted
2962,13,7,391413,1.82,0.534,2.898,1.833,1.629,18.78,No,Visual Stimulus,50.57,Fatigued
2963,9,9,267439,0.65,3.053,6.081,4.584,1.794,34.67,No,Visual Stimulus,7.28,Focused
2964,36,6,544748,4.171,0.636,4.49,1.424,2.84,37.21,No,Visual Stimulus,23.87,Relaxed
2965,22,5,539251,2.527,5.498,5.064,4.201,2.686,23.79,No,Resting,77.75,Relaxed
2966,42,7,551616,1.963,3.351,3.451,0.644,1.591,12.52,No,Visual Stimulus,89.13,Distracted
2967,26,1,124034,2.62,0.912,7.736,9.034,1.716,37.05,No,Resting,52.91,Focused
2968,12,5,545893,4.184,1.107,4.788,5.507,1.457,11.63,No,Visual Stimulus,35.33,Fatigued
2969,17,2,175885,1.061,2.609,7.533,8.573,1.018,6.69,No,Cognitive Load,5.99,Relaxed
2970,14,4,177443,4.359,5.671,0.557,1.069,1.887,16.46,No,Resting,68.22,Distracted
2971,14,7,191848,4.539,4.311,4.795,2.661,2.777,30.44,No,Resting,27.84,Focused
2972,34,5,254289,4.76,5.272,5.879,2.964,2.994,37.31,No,Cognitive Load,5.5,Fatigued
2973,20,6,169446,2.289,2.516,6.088,4.174,3.138,27.3,Yes,Visual Stimulus,66.59,Focused
2974,11,2,62784,1.477,0.738,7.287,8.127,1.561,38.31,Yes,Visual Stimulus,48.57,Relaxed
2975,16,3,21274,2.181,5.859,0.533,4.172,3.082,8.23,No,Motor Imagery,1.2,Distracted
2976,31,7,217220,1.998,0.594,0.502,2.444,0.125,7.13,No,Motor Imagery,11.09,Distracted
2977,6,2,362578,1.293,5.712,4.042,1.117,1.96,26.15,No,Resting,69.92,Relaxed
2978,19,6,243768,3.233,2.528,0.72,1.255,3.196,38.81,No,Motor Imagery,6.37,Relaxed
2979,37,5,436572,2.645,0.555,7.809,7.72,2.557,22.6,No,Cognitive Load,86.6,Focused
2980,4,10,460258,4.396,4.29,2.165,4.726,1.949,6.8,No,Cognitive Load,31.13,Relaxed
2981,47,1,143435,0.644,5.893,4.045,7.399,2.614,12.74,No,Cognitive Load,8.87,Focused
2982,4,10,478365,3.397,5.811,0.959,6.982,3.637,13.57,No,Resting,75.98,Distracted
2983,20,4,504136,3.933,1.385,4.415,1.786,2.309,16.82,No,Cognitive Load,52.44,Fatigued
2984,10,2,69672,3.918,1.497,3.35,1.857,3.219,6.53,Yes,Resting,30.66,Distracted
2985,24,4,570534,4.487,3.61,0.835,7.676,3.925,36.67,No,Resting,40.61,Distracted
2986,35,1,494209,3.781,4.005,3.013,7.352,2.852,23.04,No,Cognitive Load,2.14,Fatigued
2987,26,2,485654,4.675,4.567,3.436,4.091,2.336,28.48,No,Cognitive Load,66.27,Fatigued
2988,37,8,264954,1.997,1.496,7.924,1.236,0.246,7.35,No,Resting,36.58,Fatigued
2989,38,6,208271,2.764,5.775,2.059,0.615,1.56,6.89,No,Cognitive Load,71.4,Distracted
2990,21,2,595976,0.563,4.013,4.586,3.237,2.305,25.53,No,Motor Imagery,62.82,Relaxed
2991,40,6,273306,0.531,5.159,7.905,0.588,3.209,36.06,No,Resting,65.13,Distracted
2992,39,10,597823,1.581,3.47,6.44,2.686,1.809,23.5,No,Visual Stimulus,79.29,Relaxed
2993,21,9,400435,0.954,2.779,7.95,4.485,3.844,35.72,No,Resting,63.12,Focused
2994,10,7,595152,1.671,5.875,7.762,1.653,1.16,33.38,No,Cognitive Load,41.87,Distracted
2995,38,9,118371,1.297,3.702,4.172,1.491,3.004,7.65,No,Cognitive Load,38.99,Fatigued
2996,46,5,513214,0.628,5.268,5.723,9.016,1.734,12.07,No,Resting,11.96,Distracted
2997,4,7,470066,4.592,5.743,1.328,6.062,1.995,28.02,No,Resting,77.94,Distracted
2998,45,7,66188,0.537,4.214,3.809,9.377,3.23,20.52,No,Visual Stimulus,76.11,Fatigued
2999,20,3,186023,3.812,3.519,6.568,3.785,1.255,15.17,No,Visual Stimulus,24.63,Focused
3000,17,7,560846,1.185,0.519,4.29,6.933,0.478,19.65,No,Resting,86.27,Focused
